DATEKEY;FULLDATE;CALENDARYEAR;CALENDARQUARTER;MONTHNUMBEROFYEAR;MONTHNAME;WEEKNUMBEROFYEAR;DAYNUMBEROFYEAR;DAYNUMBEROFMONTH;DAYNUMBEROFWEEK;DAYNAMEOFWEEK
20200803;20200803;2020;3;8;August;32;216;3;1;Monday
20200804;20200804;2020;3;8;August;32;217;4;2;Tuesday
20200805;20200805;2020;3;8;August;32;218;5;3;Wednesday
20200806;20200806;2020;3;8;August;32;219;6;4;Thursday
20200807;20200807;2020;3;8;August;32;220;7;5;Friday
20200808;20200808;2020;3;8;August;32;221;8;6;Saturday
20200809;20200809;2020;3;8;August;32;222;9;7;Sunday
20200810;20200810;2020;3;8;August;33;223;10;1;Monday
20200811;20200811;2020;3;8;August;33;224;11;2;Tuesday
20200812;20200812;2020;3;8;August;33;225;12;3;Wednesday
20200813;20200813;2020;3;8;August;33;226;13;4;Thursday
20200814;20200814;2020;3;8;August;33;227;14;5;Friday
20200815;20200815;2020;3;8;August;33;228;15;6;Saturday
20200816;20200816;2020;3;8;August;33;229;16;7;Sunday
20200817;20200817;2020;3;8;August;34;230;17;1;Monday
20200818;20200818;2020;3;8;August;34;231;18;2;Tuesday
20200819;20200819;2020;3;8;August;34;232;19;3;Wednesday
20200820;20200820;2020;3;8;August;34;233;20;4;Thursday
20200821;20200821;2020;3;8;August;34;234;21;5;Friday
20200822;20200822;2020;3;8;August;34;235;22;6;Saturday
20200823;20200823;2020;3;8;August;34;236;23;7;Sunday
20200824;20200824;2020;3;8;August;35;237;24;1;Monday
20200825;20200825;2020;3;8;August;35;238;25;2;Tuesday
20200826;20200826;2020;3;8;August;35;239;26;3;Wednesday
20200827;20200827;2020;3;8;August;35;240;27;4;Thursday
20200828;20200828;2020;3;8;August;35;241;28;5;Friday
20200829;20200829;2020;3;8;August;35;242;29;6;Saturday
20200830;20200830;2020;3;8;August;35;243;30;7;Sunday
20200831;20200831;2020;3;8;August;36;244;31;1;Monday
20200901;20200901;2020;3;9;September;36;245;1;2;Tuesday
20200902;20200902;2020;3;9;September;36;246;2;3;Wednesday
20200903;20200903;2020;3;9;September;36;247;3;4;Thursday
20200904;20200904;2020;3;9;September;36;248;4;5;Friday
20200905;20200905;2020;3;9;September;36;249;5;6;Saturday
20200906;20200906;2020;3;9;September;36;250;6;7;Sunday
20200907;20200907;2020;3;9;September;37;251;7;1;Monday
20200908;20200908;2020;3;9;September;37;252;8;2;Tuesday
20200909;20200909;2020;3;9;September;37;253;9;3;Wednesday
20200910;20200910;2020;3;9;September;37;254;10;4;Thursday
20200911;20200911;2020;3;9;September;37;255;11;5;Friday
20200912;20200912;2020;3;9;September;37;256;12;6;Saturday
20200913;20200913;2020;3;9;September;37;257;13;7;Sunday
20200914;20200914;2020;3;9;September;38;258;14;1;Monday
20200915;20200915;2020;3;9;September;38;259;15;2;Tuesday
20200916;20200916;2020;3;9;September;38;260;16;3;Wednesday
20200917;20200917;2020;3;9;September;38;261;17;4;Thursday
20200918;20200918;2020;3;9;September;38;262;18;5;Friday
20200919;20200919;2020;3;9;September;38;263;19;6;Saturday
20200920;20200920;2020;3;9;September;38;264;20;7;Sunday
20200921;20200921;2020;3;9;September;39;265;21;1;Monday
20200922;20200922;2020;3;9;September;39;266;22;2;Tuesday
20200923;20200923;2020;3;9;September;39;267;23;3;Wednesday
20200924;20200924;2020;3;9;September;39;268;24;4;Thursday
20200925;20200925;2020;3;9;September;39;269;25;5;Friday
20200926;20200926;2020;3;9;September;39;270;26;6;Saturday
20200927;20200927;2020;3;9;September;39;271;27;7;Sunday
20200928;20200928;2020;3;9;September;40;272;28;1;Monday
20200929;20200929;2020;3;9;September;40;273;29;2;Tuesday
20200930;20200930;2020;3;9;September;40;274;30;3;Wednesday
20201001;20201001;2020;4;10;October;40;275;1;4;Thursday
20201002;20201002;2020;4;10;October;40;276;2;5;Friday
20201003;20201003;2020;4;10;October;40;277;3;6;Saturday
20201004;20201004;2020;4;10;October;40;278;4;7;Sunday
20201005;20201005;2020;4;10;October;41;279;5;1;Monday
20201006;20201006;2020;4;10;October;41;280;6;2;Tuesday
20201007;20201007;2020;4;10;October;41;281;7;3;Wednesday
20201008;20201008;2020;4;10;October;41;282;8;4;Thursday
20201009;20201009;2020;4;10;October;41;283;9;5;Friday
20201010;20201010;2020;4;10;October;41;284;10;6;Saturday
20201011;20201011;2020;4;10;October;41;285;11;7;Sunday
20201012;20201012;2020;4;10;October;42;286;12;1;Monday
20201013;20201013;2020;4;10;October;42;287;13;2;Tuesday
20201014;20201014;2020;4;10;October;42;288;14;3;Wednesday
20201015;20201015;2020;4;10;October;42;289;15;4;Thursday
20201016;20201016;2020;4;10;October;42;290;16;5;Friday
20201017;20201017;2020;4;10;October;42;291;17;6;Saturday
20201018;20201018;2020;4;10;October;42;292;18;7;Sunday
20201019;20201019;2020;4;10;October;43;293;19;1;Monday
20201020;20201020;2020;4;10;October;43;294;20;2;Tuesday
20201021;20201021;2020;4;10;October;43;295;21;3;Wednesday
20201022;20201022;2020;4;10;October;43;296;22;4;Thursday
20201023;20201023;2020;4;10;October;43;297;23;5;Friday
20201024;20201024;2020;4;10;October;43;298;24;6;Saturday
20201025;20201025;2020;4;10;October;43;299;25;7;Sunday
20201026;20201026;2020;4;10;October;44;300;26;1;Monday
20201027;20201027;2020;4;10;October;44;301;27;2;Tuesday
20201028;20201028;2020;4;10;October;44;302;28;3;Wednesday
20201029;20201029;2020;4;10;October;44;303;29;4;Thursday
20201030;20201030;2020;4;10;October;44;304;30;5;Friday
20201031;20201031;2020;4;10;October;44;305;31;6;Saturday
20201101;20201101;2020;4;11;November;44;306;1;7;Sunday
20201102;20201102;2020;4;11;November;45;307;2;1;Monday
20201103;20201103;2020;4;11;November;45;308;3;2;Tuesday
20201104;20201104;2020;4;11;November;45;309;4;3;Wednesday
20201105;20201105;2020;4;11;November;45;310;5;4;Thursday
20201106;20201106;2020;4;11;November;45;311;6;5;Friday
20201107;20201107;2020;4;11;November;45;312;7;6;Saturday
20201108;20201108;2020;4;11;November;45;313;8;7;Sunday
20201109;20201109;2020;4;11;November;46;314;9;1;Monday
20201110;20201110;2020;4;11;November;46;315;10;2;Tuesday
20201111;20201111;2020;4;11;November;46;316;11;3;Wednesday
20201112;20201112;2020;4;11;November;46;317;12;4;Thursday
20201113;20201113;2020;4;11;November;46;318;13;5;Friday
20201114;20201114;2020;4;11;November;46;319;14;6;Saturday
20201115;20201115;2020;4;11;November;46;320;15;7;Sunday
20201116;20201116;2020;4;11;November;47;321;16;1;Monday
20201117;20201117;2020;4;11;November;47;322;17;2;Tuesday
20201118;20201118;2020;4;11;November;47;323;18;3;Wednesday
20201119;20201119;2020;4;11;November;47;324;19;4;Thursday
20201120;20201120;2020;4;11;November;47;325;20;5;Friday
20201121;20201121;2020;4;11;November;47;326;21;6;Saturday
20201122;20201122;2020;4;11;November;47;327;22;7;Sunday
20201123;20201123;2020;4;11;November;48;328;23;1;Monday
20201124;20201124;2020;4;11;November;48;329;24;2;Tuesday
20201125;20201125;2020;4;11;November;48;330;25;3;Wednesday
20201126;20201126;2020;4;11;November;48;331;26;4;Thursday
20201127;20201127;2020;4;11;November;48;332;27;5;Friday
20201128;20201128;2020;4;11;November;48;333;28;6;Saturday
20201129;20201129;2020;4;11;November;48;334;29;7;Sunday
20201130;20201130;2020;4;11;November;49;335;30;1;Monday
20201201;20201201;2020;4;12;December;49;336;1;2;Tuesday
20201202;20201202;2020;4;12;December;49;337;2;3;Wednesday
20201203;20201203;2020;4;12;December;49;338;3;4;Thursday
20201204;20201204;2020;4;12;December;49;339;4;5;Friday
20201205;20201205;2020;4;12;December;49;340;5;6;Saturday
20201206;20201206;2020;4;12;December;49;341;6;7;Sunday
20201207;20201207;2020;4;12;December;50;342;7;1;Monday
20201208;20201208;2020;4;12;December;50;343;8;2;Tuesday
20201209;20201209;2020;4;12;December;50;344;9;3;Wednesday
20201210;20201210;2020;4;12;December;50;345;10;4;Thursday
20201211;20201211;2020;4;12;December;50;346;11;5;Friday
20201212;20201212;2020;4;12;December;50;347;12;6;Saturday
20201213;20201213;2020;4;12;December;50;348;13;7;Sunday
20201214;20201214;2020;4;12;December;51;349;14;1;Monday
20201215;20201215;2020;4;12;December;51;350;15;2;Tuesday
20201216;20201216;2020;4;12;December;51;351;16;3;Wednesday
20201217;20201217;2020;4;12;December;51;352;17;4;Thursday
20201218;20201218;2020;4;12;December;51;353;18;5;Friday
20201219;20201219;2020;4;12;December;51;354;19;6;Saturday
20201220;20201220;2020;4;12;December;51;355;20;7;Sunday
20201221;20201221;2020;4;12;December;52;356;21;1;Monday
20201222;20201222;2020;4;12;December;52;357;22;2;Tuesday
20201223;20201223;2020;4;12;December;52;358;23;3;Wednesday
20201224;20201224;2020;4;12;December;52;359;24;4;Thursday
20201225;20201225;2020;4;12;December;52;360;25;5;Friday
20201226;20201226;2020;4;12;December;52;361;26;6;Saturday
20201227;20201227;2020;4;12;December;52;362;27;7;Sunday
20201228;20201228;2020;4;12;December;53;363;28;1;Monday
20201229;20201229;2020;4;12;December;53;364;29;2;Tuesday
20201230;20201230;2020;4;12;December;53;365;30;3;Wednesday
20201231;20201231;2020;4;12;December;53;366;31;4;Thursday
20200629;20200629;2020;2;6;June;27;181;29;1;Monday
20200630;20200630;2020;2;6;June;27;182;30;2;Tuesday
20200701;20200701;2020;3;7;July;27;183;1;3;Wednesday
20200702;20200702;2020;3;7;July;27;184;2;4;Thursday
20200703;20200703;2020;3;7;July;27;185;3;5;Friday
20200704;20200704;2020;3;7;July;27;186;4;6;Saturday
20200705;20200705;2020;3;7;July;27;187;5;7;Sunday
20200706;20200706;2020;3;7;July;28;188;6;1;Monday
20200707;20200707;2020;3;7;July;28;189;7;2;Tuesday
20200708;20200708;2020;3;7;July;28;190;8;3;Wednesday
20200709;20200709;2020;3;7;July;28;191;9;4;Thursday
20200710;20200710;2020;3;7;July;28;192;10;5;Friday
20200711;20200711;2020;3;7;July;28;193;11;6;Saturday
20200712;20200712;2020;3;7;July;28;194;12;7;Sunday
20200713;20200713;2020;3;7;July;29;195;13;1;Monday
20200714;20200714;2020;3;7;July;29;196;14;2;Tuesday
20200715;20200715;2020;3;7;July;29;197;15;3;Wednesday
20200716;20200716;2020;3;7;July;29;198;16;4;Thursday
20200717;20200717;2020;3;7;July;29;199;17;5;Friday
20200718;20200718;2020;3;7;July;29;200;18;6;Saturday
20200719;20200719;2020;3;7;July;29;201;19;7;Sunday
20200720;20200720;2020;3;7;July;30;202;20;1;Monday
20200721;20200721;2020;3;7;July;30;203;21;2;Tuesday
20200722;20200722;2020;3;7;July;30;204;22;3;Wednesday
20200723;20200723;2020;3;7;July;30;205;23;4;Thursday
20200724;20200724;2020;3;7;July;30;206;24;5;Friday
20200725;20200725;2020;3;7;July;30;207;25;6;Saturday
20200726;20200726;2020;3;7;July;30;208;26;7;Sunday
20200727;20200727;2020;3;7;July;31;209;27;1;Monday
20200728;20200728;2020;3;7;July;31;210;28;2;Tuesday
20200729;20200729;2020;3;7;July;31;211;29;3;Wednesday
20200730;20200730;2020;3;7;July;31;212;30;4;Thursday
20200731;20200731;2020;3;7;July;31;213;31;5;Friday
20200801;20200801;2020;3;8;August;31;214;1;6;Saturday
20200802;20200802;2020;3;8;August;31;215;2;7;Sunday
20170624;20170624;2017;2;6;June;25;175;24;6;Saturday
20170625;20170625;2017;2;6;June;25;176;25;7;Sunday
20170626;20170626;2017;2;6;June;26;177;26;1;Monday
20170627;20170627;2017;2;6;June;26;178;27;2;Tuesday
20170628;20170628;2017;2;6;June;26;179;28;3;Wednesday
20170629;20170629;2017;2;6;June;26;180;29;4;Thursday
20170630;20170630;2017;2;6;June;26;181;30;5;Friday
20170701;20170701;2017;3;7;July;26;182;1;6;Saturday
20170702;20170702;2017;3;7;July;26;183;2;7;Sunday
20170703;20170703;2017;3;7;July;27;184;3;1;Monday
20170704;20170704;2017;3;7;July;27;185;4;2;Tuesday
20170705;20170705;2017;3;7;July;27;186;5;3;Wednesday
20170706;20170706;2017;3;7;July;27;187;6;4;Thursday
20170707;20170707;2017;3;7;July;27;188;7;5;Friday
20170708;20170708;2017;3;7;July;27;189;8;6;Saturday
20170709;20170709;2017;3;7;July;27;190;9;7;Sunday
20170710;20170710;2017;3;7;July;28;191;10;1;Monday
20170711;20170711;2017;3;7;July;28;192;11;2;Tuesday
20170712;20170712;2017;3;7;July;28;193;12;3;Wednesday
20170713;20170713;2017;3;7;July;28;194;13;4;Thursday
20170714;20170714;2017;3;7;July;28;195;14;5;Friday
20170715;20170715;2017;3;7;July;28;196;15;6;Saturday
20170716;20170716;2017;3;7;July;28;197;16;7;Sunday
20170717;20170717;2017;3;7;July;29;198;17;1;Monday
20170718;20170718;2017;3;7;July;29;199;18;2;Tuesday
20170719;20170719;2017;3;7;July;29;200;19;3;Wednesday
20170720;20170720;2017;3;7;July;29;201;20;4;Thursday
20170721;20170721;2017;3;7;July;29;202;21;5;Friday
20170722;20170722;2017;3;7;July;29;203;22;6;Saturday
20170723;20170723;2017;3;7;July;29;204;23;7;Sunday
20170724;20170724;2017;3;7;July;30;205;24;1;Monday
20170725;20170725;2017;3;7;July;30;206;25;2;Tuesday
20170726;20170726;2017;3;7;July;30;207;26;3;Wednesday
20170727;20170727;2017;3;7;July;30;208;27;4;Thursday
20170728;20170728;2017;3;7;July;30;209;28;5;Friday
20170729;20170729;2017;3;7;July;30;210;29;6;Saturday
20170730;20170730;2017;3;7;July;30;211;30;7;Sunday
20170731;20170731;2017;3;7;July;31;212;31;1;Monday
20170801;20170801;2017;3;8;August;31;213;1;2;Tuesday
20170802;20170802;2017;3;8;August;31;214;2;3;Wednesday
20170803;20170803;2017;3;8;August;31;215;3;4;Thursday
20170804;20170804;2017;3;8;August;31;216;4;5;Friday
20170805;20170805;2017;3;8;August;31;217;5;6;Saturday
20170806;20170806;2017;3;8;August;31;218;6;7;Sunday
20170807;20170807;2017;3;8;August;32;219;7;1;Monday
20170808;20170808;2017;3;8;August;32;220;8;2;Tuesday
20170809;20170809;2017;3;8;August;32;221;9;3;Wednesday
20170810;20170810;2017;3;8;August;32;222;10;4;Thursday
20170811;20170811;2017;3;8;August;32;223;11;5;Friday
20170812;20170812;2017;3;8;August;32;224;12;6;Saturday
20170813;20170813;2017;3;8;August;32;225;13;7;Sunday
20170814;20170814;2017;3;8;August;33;226;14;1;Monday
20170815;20170815;2017;3;8;August;33;227;15;2;Tuesday
20171001;20171001;2017;4;10;October;39;274;1;7;Sunday
20171002;20171002;2017;4;10;October;40;275;2;1;Monday
20171003;20171003;2017;4;10;October;40;276;3;2;Tuesday
20171004;20171004;2017;4;10;October;40;277;4;3;Wednesday
20171005;20171005;2017;4;10;October;40;278;5;4;Thursday
20171006;20171006;2017;4;10;October;40;279;6;5;Friday
20171007;20171007;2017;4;10;October;40;280;7;6;Saturday
20171008;20171008;2017;4;10;October;40;281;8;7;Sunday
20171009;20171009;2017;4;10;October;41;282;9;1;Monday
20171010;20171010;2017;4;10;October;41;283;10;2;Tuesday
20171011;20171011;2017;4;10;October;41;284;11;3;Wednesday
20171012;20171012;2017;4;10;October;41;285;12;4;Thursday
20171013;20171013;2017;4;10;October;41;286;13;5;Friday
20171014;20171014;2017;4;10;October;41;287;14;6;Saturday
20171015;20171015;2017;4;10;October;41;288;15;7;Sunday
20171016;20171016;2017;4;10;October;42;289;16;1;Monday
20171017;20171017;2017;4;10;October;42;290;17;2;Tuesday
20171018;20171018;2017;4;10;October;42;291;18;3;Wednesday
20170816;20170816;2017;3;8;August;33;228;16;3;Wednesday
20170817;20170817;2017;3;8;August;33;229;17;4;Thursday
20170818;20170818;2017;3;8;August;33;230;18;5;Friday
20170819;20170819;2017;3;8;August;33;231;19;6;Saturday
20170820;20170820;2017;3;8;August;33;232;20;7;Sunday
20170821;20170821;2017;3;8;August;34;233;21;1;Monday
20170822;20170822;2017;3;8;August;34;234;22;2;Tuesday
20170823;20170823;2017;3;8;August;34;235;23;3;Wednesday
20170824;20170824;2017;3;8;August;34;236;24;4;Thursday
20170825;20170825;2017;3;8;August;34;237;25;5;Friday
20170826;20170826;2017;3;8;August;34;238;26;6;Saturday
20170827;20170827;2017;3;8;August;34;239;27;7;Sunday
20170828;20170828;2017;3;8;August;35;240;28;1;Monday
20170829;20170829;2017;3;8;August;35;241;29;2;Tuesday
20170830;20170830;2017;3;8;August;35;242;30;3;Wednesday
20170831;20170831;2017;3;8;August;35;243;31;4;Thursday
20170901;20170901;2017;3;9;September;35;244;1;5;Friday
20170902;20170902;2017;3;9;September;35;245;2;6;Saturday
20170903;20170903;2017;3;9;September;35;246;3;7;Sunday
20170904;20170904;2017;3;9;September;36;247;4;1;Monday
20170905;20170905;2017;3;9;September;36;248;5;2;Tuesday
20170906;20170906;2017;3;9;September;36;249;6;3;Wednesday
20170907;20170907;2017;3;9;September;36;250;7;4;Thursday
20170908;20170908;2017;3;9;September;36;251;8;5;Friday
20170909;20170909;2017;3;9;September;36;252;9;6;Saturday
20170910;20170910;2017;3;9;September;36;253;10;7;Sunday
20170911;20170911;2017;3;9;September;37;254;11;1;Monday
20170912;20170912;2017;3;9;September;37;255;12;2;Tuesday
20170913;20170913;2017;3;9;September;37;256;13;3;Wednesday
20170914;20170914;2017;3;9;September;37;257;14;4;Thursday
20170915;20170915;2017;3;9;September;37;258;15;5;Friday
20170916;20170916;2017;3;9;September;37;259;16;6;Saturday
20170917;20170917;2017;3;9;September;37;260;17;7;Sunday
20170918;20170918;2017;3;9;September;38;261;18;1;Monday
20170919;20170919;2017;3;9;September;38;262;19;2;Tuesday
20170920;20170920;2017;3;9;September;38;263;20;3;Wednesday
20170921;20170921;2017;3;9;September;38;264;21;4;Thursday
20170922;20170922;2017;3;9;September;38;265;22;5;Friday
20170923;20170923;2017;3;9;September;38;266;23;6;Saturday
20170924;20170924;2017;3;9;September;38;267;24;7;Sunday
20170925;20170925;2017;3;9;September;39;268;25;1;Monday
20170926;20170926;2017;3;9;September;39;269;26;2;Tuesday
20170927;20170927;2017;3;9;September;39;270;27;3;Wednesday
20170928;20170928;2017;3;9;September;39;271;28;4;Thursday
20170929;20170929;2017;3;9;September;39;272;29;5;Friday
20170930;20170930;2017;3;9;September;39;273;30;6;Saturday
20170101;20170101;2017;1;1;January;52;1;1;7;Sunday
20170102;20170102;2017;1;1;January;1;2;2;1;Monday
20170104;20170104;2017;1;1;January;1;4;4;3;Wednesday
20170105;20170105;2017;1;1;January;1;5;5;4;Thursday
20170106;20170106;2017;1;1;January;1;6;6;5;Friday
20170107;20170107;2017;1;1;January;1;7;7;6;Saturday
20170108;20170108;2017;1;1;January;1;8;8;7;Sunday
20170109;20170109;2017;1;1;January;2;9;9;1;Monday
20170110;20170110;2017;1;1;January;2;10;10;2;Tuesday
20170111;20170111;2017;1;1;January;2;11;11;3;Wednesday
20170112;20170112;2017;1;1;January;2;12;12;4;Thursday
20170113;20170113;2017;1;1;January;2;13;13;5;Friday
20170114;20170114;2017;1;1;January;2;14;14;6;Saturday
20170115;20170115;2017;1;1;January;2;15;15;7;Sunday
20170116;20170116;2017;1;1;January;3;16;16;1;Monday
20170117;20170117;2017;1;1;January;3;17;17;2;Tuesday
20170118;20170118;2017;1;1;January;3;18;18;3;Wednesday
20170119;20170119;2017;1;1;January;3;19;19;4;Thursday
20170120;20170120;2017;1;1;January;3;20;20;5;Friday
20170121;20170121;2017;1;1;January;3;21;21;6;Saturday
20170122;20170122;2017;1;1;January;3;22;22;7;Sunday
20170123;20170123;2017;1;1;January;4;23;23;1;Monday
20170124;20170124;2017;1;1;January;4;24;24;2;Tuesday
20170125;20170125;2017;1;1;January;4;25;25;3;Wednesday
20170126;20170126;2017;1;1;January;4;26;26;4;Thursday
20170127;20170127;2017;1;1;January;4;27;27;5;Friday
20170128;20170128;2017;1;1;January;4;28;28;6;Saturday
20170129;20170129;2017;1;1;January;4;29;29;7;Sunday
20170130;20170130;2017;1;1;January;5;30;30;1;Monday
20170131;20170131;2017;1;1;January;5;31;31;2;Tuesday
20170201;20170201;2017;1;2;February;5;32;1;3;Wednesday
20170202;20170202;2017;1;2;February;5;33;2;4;Thursday
20170203;20170203;2017;1;2;February;5;34;3;5;Friday
20170204;20170204;2017;1;2;February;5;35;4;6;Saturday
20170205;20170205;2017;1;2;February;5;36;5;7;Sunday
20170206;20170206;2017;1;2;February;6;37;6;1;Monday
20170207;20170207;2017;1;2;February;6;38;7;2;Tuesday
20170208;20170208;2017;1;2;February;6;39;8;3;Wednesday
20170209;20170209;2017;1;2;February;6;40;9;4;Thursday
20170210;20170210;2017;1;2;February;6;41;10;5;Friday
20170211;20170211;2017;1;2;February;6;42;11;6;Saturday
20170212;20170212;2017;1;2;February;6;43;12;7;Sunday
20170213;20170213;2017;1;2;February;7;44;13;1;Monday
20170214;20170214;2017;1;2;February;7;45;14;2;Tuesday
20170215;20170215;2017;1;2;February;7;46;15;3;Wednesday
20170216;20170216;2017;1;2;February;7;47;16;4;Thursday
20170217;20170217;2017;1;2;February;7;48;17;5;Friday
20170218;20170218;2017;1;2;February;7;49;18;6;Saturday
20170219;20170219;2017;1;2;February;7;50;19;7;Sunday
20170220;20170220;2017;1;2;February;8;51;20;1;Monday
20170221;20170221;2017;1;2;February;8;52;21;2;Tuesday
20170222;20170222;2017;1;2;February;8;53;22;3;Wednesday
20170223;20170223;2017;1;2;February;8;54;23;4;Thursday
20170224;20170224;2017;1;2;February;8;55;24;5;Friday
20170225;20170225;2017;1;2;February;8;56;25;6;Saturday
20170226;20170226;2017;1;2;February;8;57;26;7;Sunday
20170227;20170227;2017;1;2;February;9;58;27;1;Monday
20170228;20170228;2017;1;2;February;9;59;28;2;Tuesday
20170301;20170301;2017;1;3;March;9;60;1;3;Wednesday
20170302;20170302;2017;1;3;March;9;61;2;4;Thursday
20170303;20170303;2017;1;3;March;9;62;3;5;Friday
20170304;20170304;2017;1;3;March;9;63;4;6;Saturday
20170305;20170305;2017;1;3;March;9;64;5;7;Sunday
20170306;20170306;2017;1;3;March;10;65;6;1;Monday
20170307;20170307;2017;1;3;March;10;66;7;2;Tuesday
20170308;20170308;2017;1;3;March;10;67;8;3;Wednesday
20170309;20170309;2017;1;3;March;10;68;9;4;Thursday
20170310;20170310;2017;1;3;March;10;69;10;5;Friday
20170311;20170311;2017;1;3;March;10;70;11;6;Saturday
20170312;20170312;2017;1;3;March;10;71;12;7;Sunday
20170313;20170313;2017;1;3;March;11;72;13;1;Monday
20170314;20170314;2017;1;3;March;11;73;14;2;Tuesday
20170315;20170315;2017;1;3;March;11;74;15;3;Wednesday
20170316;20170316;2017;1;3;March;11;75;16;4;Thursday
20170317;20170317;2017;1;3;March;11;76;17;5;Friday
20170318;20170318;2017;1;3;March;11;77;18;6;Saturday
20170319;20170319;2017;1;3;March;11;78;19;7;Sunday
20170320;20170320;2017;1;3;March;12;79;20;1;Monday
20170321;20170321;2017;1;3;March;12;80;21;2;Tuesday
20170322;20170322;2017;1;3;March;12;81;22;3;Wednesday
20170323;20170323;2017;1;3;March;12;82;23;4;Thursday
20170324;20170324;2017;1;3;March;12;83;24;5;Friday
20170325;20170325;2017;1;3;March;12;84;25;6;Saturday
20170326;20170326;2017;1;3;March;12;85;26;7;Sunday
20170327;20170327;2017;1;3;March;13;86;27;1;Monday
20170328;20170328;2017;1;3;March;13;87;28;2;Tuesday
20170329;20170329;2017;1;3;March;13;88;29;3;Wednesday
20170330;20170330;2017;1;3;March;13;89;30;4;Thursday
20170331;20170331;2017;1;3;March;13;90;31;5;Friday
20170401;20170401;2017;2;4;April;13;91;1;6;Saturday
20170402;20170402;2017;2;4;April;13;92;2;7;Sunday
20170403;20170403;2017;2;4;April;14;93;3;1;Monday
20170404;20170404;2017;2;4;April;14;94;4;2;Tuesday
20170405;20170405;2017;2;4;April;14;95;5;3;Wednesday
20170406;20170406;2017;2;4;April;14;96;6;4;Thursday
20170407;20170407;2017;2;4;April;14;97;7;5;Friday
20170408;20170408;2017;2;4;April;14;98;8;6;Saturday
20170409;20170409;2017;2;4;April;14;99;9;7;Sunday
20170410;20170410;2017;2;4;April;15;100;10;1;Monday
20170411;20170411;2017;2;4;April;15;101;11;2;Tuesday
20170412;20170412;2017;2;4;April;15;102;12;3;Wednesday
20170413;20170413;2017;2;4;April;15;103;13;4;Thursday
20170414;20170414;2017;2;4;April;15;104;14;5;Friday
20170415;20170415;2017;2;4;April;15;105;15;6;Saturday
20170416;20170416;2017;2;4;April;15;106;16;7;Sunday
20170417;20170417;2017;2;4;April;16;107;17;1;Monday
20170418;20170418;2017;2;4;April;16;108;18;2;Tuesday
20170419;20170419;2017;2;4;April;16;109;19;3;Wednesday
20170420;20170420;2017;2;4;April;16;110;20;4;Thursday
20170421;20170421;2017;2;4;April;16;111;21;5;Friday
20170422;20170422;2017;2;4;April;16;112;22;6;Saturday
20170423;20170423;2017;2;4;April;16;113;23;7;Sunday
20170424;20170424;2017;2;4;April;17;114;24;1;Monday
20170425;20170425;2017;2;4;April;17;115;25;2;Tuesday
20170426;20170426;2017;2;4;April;17;116;26;3;Wednesday
20170427;20170427;2017;2;4;April;17;117;27;4;Thursday
20170428;20170428;2017;2;4;April;17;118;28;5;Friday
20170429;20170429;2017;2;4;April;17;119;29;6;Saturday
20170430;20170430;2017;2;4;April;17;120;30;7;Sunday
20170501;20170501;2017;2;5;May;18;121;1;1;Monday
20170502;20170502;2017;2;5;May;18;122;2;2;Tuesday
20170503;20170503;2017;2;5;May;18;123;3;3;Wednesday
20170504;20170504;2017;2;5;May;18;124;4;4;Thursday
20170505;20170505;2017;2;5;May;18;125;5;5;Friday
20170506;20170506;2017;2;5;May;18;126;6;6;Saturday
20170507;20170507;2017;2;5;May;18;127;7;7;Sunday
20170508;20170508;2017;2;5;May;19;128;8;1;Monday
20170509;20170509;2017;2;5;May;19;129;9;2;Tuesday
20170510;20170510;2017;2;5;May;19;130;10;3;Wednesday
20170511;20170511;2017;2;5;May;19;131;11;4;Thursday
20170512;20170512;2017;2;5;May;19;132;12;5;Friday
20170513;20170513;2017;2;5;May;19;133;13;6;Saturday
20170514;20170514;2017;2;5;May;19;134;14;7;Sunday
20170515;20170515;2017;2;5;May;20;135;15;1;Monday
20170516;20170516;2017;2;5;May;20;136;16;2;Tuesday
20170517;20170517;2017;2;5;May;20;137;17;3;Wednesday
20170518;20170518;2017;2;5;May;20;138;18;4;Thursday
20170519;20170519;2017;2;5;May;20;139;19;5;Friday
20170520;20170520;2017;2;5;May;20;140;20;6;Saturday
20170521;20170521;2017;2;5;May;20;141;21;7;Sunday
20170522;20170522;2017;2;5;May;21;142;22;1;Monday
20170523;20170523;2017;2;5;May;21;143;23;2;Tuesday
20170524;20170524;2017;2;5;May;21;144;24;3;Wednesday
20170525;20170525;2017;2;5;May;21;145;25;4;Thursday
20170526;20170526;2017;2;5;May;21;146;26;5;Friday
20170527;20170527;2017;2;5;May;21;147;27;6;Saturday
20170528;20170528;2017;2;5;May;21;148;28;7;Sunday
20170529;20170529;2017;2;5;May;22;149;29;1;Monday
20170530;20170530;2017;2;5;May;22;150;30;2;Tuesday
20170531;20170531;2017;2;5;May;22;151;31;3;Wednesday
20170601;20170601;2017;2;6;June;22;152;1;4;Thursday
20170602;20170602;2017;2;6;June;22;153;2;5;Friday
20170603;20170603;2017;2;6;June;22;154;3;6;Saturday
20170604;20170604;2017;2;6;June;22;155;4;7;Sunday
20170605;20170605;2017;2;6;June;23;156;5;1;Monday
20170606;20170606;2017;2;6;June;23;157;6;2;Tuesday
20170607;20170607;2017;2;6;June;23;158;7;3;Wednesday
20170608;20170608;2017;2;6;June;23;159;8;4;Thursday
20170609;20170609;2017;2;6;June;23;160;9;5;Friday
20170610;20170610;2017;2;6;June;23;161;10;6;Saturday
20170611;20170611;2017;2;6;June;23;162;11;7;Sunday
20170612;20170612;2017;2;6;June;24;163;12;1;Monday
20170613;20170613;2017;2;6;June;24;164;13;2;Tuesday
20170614;20170614;2017;2;6;June;24;165;14;3;Wednesday
20170615;20170615;2017;2;6;June;24;166;15;4;Thursday
20170616;20170616;2017;2;6;June;24;167;16;5;Friday
20170617;20170617;2017;2;6;June;24;168;17;6;Saturday
20170618;20170618;2017;2;6;June;24;169;18;7;Sunday
20170619;20170619;2017;2;6;June;25;170;19;1;Monday
20170620;20170620;2017;2;6;June;25;171;20;2;Tuesday
20170621;20170621;2017;2;6;June;25;172;21;3;Wednesday
20170622;20170622;2017;2;6;June;25;173;22;4;Thursday
20170623;20170623;2017;2;6;June;25;174;23;5;Friday
20190910;20190910;2019;3;9;September;37;253;10;2;Tuesday
20190911;20190911;2019;3;9;September;37;254;11;3;Wednesday
20190912;20190912;2019;3;9;September;37;255;12;4;Thursday
20190913;20190913;2019;3;9;September;37;256;13;5;Friday
20190914;20190914;2019;3;9;September;37;257;14;6;Saturday
20190915;20190915;2019;3;9;September;37;258;15;7;Sunday
20200510;20200510;2020;2;5;May;19;131;10;7;Sunday
20200511;20200511;2020;2;5;May;20;132;11;1;Monday
20200512;20200512;2020;2;5;May;20;133;12;2;Tuesday
20200513;20200513;2020;2;5;May;20;134;13;3;Wednesday
20200514;20200514;2020;2;5;May;20;135;14;4;Thursday
20200515;20200515;2020;2;5;May;20;136;15;5;Friday
20200516;20200516;2020;2;5;May;20;137;16;6;Saturday
20200517;20200517;2020;2;5;May;20;138;17;7;Sunday
20200518;20200518;2020;2;5;May;21;139;18;1;Monday
20200519;20200519;2020;2;5;May;21;140;19;2;Tuesday
20180505;20180505;2018;2;5;May;18;125;5;6;Saturday
20180506;20180506;2018;2;5;May;18;126;6;7;Sunday
20180507;20180507;2018;2;5;May;19;127;7;1;Monday
20180508;20180508;2018;2;5;May;19;128;8;2;Tuesday
20180509;20180509;2018;2;5;May;19;129;9;3;Wednesday
20180510;20180510;2018;2;5;May;19;130;10;4;Thursday
20180511;20180511;2018;2;5;May;19;131;11;5;Friday
20180512;20180512;2018;2;5;May;19;132;12;6;Saturday
20180513;20180513;2018;2;5;May;19;133;13;7;Sunday
20190410;20190410;2019;2;4;April;15;100;10;3;Wednesday
20190411;20190411;2019;2;4;April;15;101;11;4;Thursday
20190412;20190412;2019;2;4;April;15;102;12;5;Friday
20190413;20190413;2019;2;4;April;15;103;13;6;Saturday
20190414;20190414;2019;2;4;April;15;104;14;7;Sunday
20190415;20190415;2019;2;4;April;16;105;15;1;Monday
20190416;20190416;2019;2;4;April;16;106;16;2;Tuesday
20190417;20190417;2019;2;4;April;16;107;17;3;Wednesday
20190418;20190418;2019;2;4;April;16;108;18;4;Thursday
20190419;20190419;2019;2;4;April;16;109;19;5;Friday
20190420;20190420;2019;2;4;April;16;110;20;6;Saturday
20190421;20190421;2019;2;4;April;16;111;21;7;Sunday
20190422;20190422;2019;2;4;April;17;112;22;1;Monday
20190423;20190423;2019;2;4;April;17;113;23;2;Tuesday
20190424;20190424;2019;2;4;April;17;114;24;3;Wednesday
20190425;20190425;2019;2;4;April;17;115;25;4;Thursday
20190426;20190426;2019;2;4;April;17;116;26;5;Friday
20190427;20190427;2019;2;4;April;17;117;27;6;Saturday
20190916;20190916;2019;3;9;September;38;259;16;1;Monday
20190917;20190917;2019;3;9;September;38;260;17;2;Tuesday
20190918;20190918;2019;3;9;September;38;261;18;3;Wednesday
20190919;20190919;2019;3;9;September;38;262;19;4;Thursday
20200520;20200520;2020;2;5;May;21;141;20;3;Wednesday
20200521;20200521;2020;2;5;May;21;142;21;4;Thursday
20200522;20200522;2020;2;5;May;21;143;22;5;Friday
20200523;20200523;2020;2;5;May;21;144;23;6;Saturday
20200524;20200524;2020;2;5;May;21;145;24;7;Sunday
20200525;20200525;2020;2;5;May;22;146;25;1;Monday
20200526;20200526;2020;2;5;May;22;147;26;2;Tuesday
20200527;20200527;2020;2;5;May;22;148;27;3;Wednesday
20180514;20180514;2018;2;5;May;20;134;14;1;Monday
20180515;20180515;2018;2;5;May;20;135;15;2;Tuesday
20180516;20180516;2018;2;5;May;20;136;16;3;Wednesday
20180517;20180517;2018;2;5;May;20;137;17;4;Thursday
20180518;20180518;2018;2;5;May;20;138;18;5;Friday
20180519;20180519;2018;2;5;May;20;139;19;6;Saturday
20180520;20180520;2018;2;5;May;20;140;20;7;Sunday
20180521;20180521;2018;2;5;May;21;141;21;1;Monday
20180522;20180522;2018;2;5;May;21;142;22;2;Tuesday
20180523;20180523;2018;2;5;May;21;143;23;3;Wednesday
20190428;20190428;2019;2;4;April;17;118;28;7;Sunday
20190429;20190429;2019;2;4;April;18;119;29;1;Monday
20190430;20190430;2019;2;4;April;18;120;30;2;Tuesday
20190501;20190501;2019;2;5;May;18;121;1;3;Wednesday
20190502;20190502;2019;2;5;May;18;122;2;4;Thursday
20190503;20190503;2019;2;5;May;18;123;3;5;Friday
20190504;20190504;2019;2;5;May;18;124;4;6;Saturday
20190505;20190505;2019;2;5;May;18;125;5;7;Sunday
20190506;20190506;2019;2;5;May;19;126;6;1;Monday
20190507;20190507;2019;2;5;May;19;127;7;2;Tuesday
20190508;20190508;2019;2;5;May;19;128;8;3;Wednesday
20190509;20190509;2019;2;5;May;19;129;9;4;Thursday
20190510;20190510;2019;2;5;May;19;130;10;5;Friday
20190511;20190511;2019;2;5;May;19;131;11;6;Saturday
20190512;20190512;2019;2;5;May;19;132;12;7;Sunday
20190513;20190513;2019;2;5;May;20;133;13;1;Monday
20190514;20190514;2019;2;5;May;20;134;14;2;Tuesday
20190515;20190515;2019;2;5;May;20;135;15;3;Wednesday
20190920;20190920;2019;3;9;September;38;263;20;5;Friday
20190921;20190921;2019;3;9;September;38;264;21;6;Saturday
20190922;20190922;2019;3;9;September;38;265;22;7;Sunday
20190923;20190923;2019;3;9;September;39;266;23;1;Monday
20200528;20200528;2020;2;5;May;22;149;28;4;Thursday
20200529;20200529;2020;2;5;May;22;150;29;5;Friday
20200530;20200530;2020;2;5;May;22;151;30;6;Saturday
20200531;20200531;2020;2;5;May;22;152;31;7;Sunday
20200601;20200601;2020;2;6;June;23;153;1;1;Monday
20200602;20200602;2020;2;6;June;23;154;2;2;Tuesday
20200603;20200603;2020;2;6;June;23;155;3;3;Wednesday
20200604;20200604;2020;2;6;June;23;156;4;4;Thursday
20200605;20200605;2020;2;6;June;23;157;5;5;Friday
20180524;20180524;2018;2;5;May;21;144;24;4;Thursday
20180525;20180525;2018;2;5;May;21;145;25;5;Friday
20180526;20180526;2018;2;5;May;21;146;26;6;Saturday
20180527;20180527;2018;2;5;May;21;147;27;7;Sunday
20180528;20180528;2018;2;5;May;22;148;28;1;Monday
20180529;20180529;2018;2;5;May;22;149;29;2;Tuesday
20180530;20180530;2018;2;5;May;22;150;30;3;Wednesday
20180531;20180531;2018;2;5;May;22;151;31;4;Thursday
20180601;20180601;2018;2;6;June;22;152;1;5;Friday
20180602;20180602;2018;2;6;June;22;153;2;6;Saturday
20180603;20180603;2018;2;6;June;22;154;3;7;Sunday
20190516;20190516;2019;2;5;May;20;136;16;4;Thursday
20190517;20190517;2019;2;5;May;20;137;17;5;Friday
20190518;20190518;2019;2;5;May;20;138;18;6;Saturday
20190519;20190519;2019;2;5;May;20;139;19;7;Sunday
20190520;20190520;2019;2;5;May;21;140;20;1;Monday
20190521;20190521;2019;2;5;May;21;141;21;2;Tuesday
20190522;20190522;2019;2;5;May;21;142;22;3;Wednesday
20190523;20190523;2019;2;5;May;21;143;23;4;Thursday
20190524;20190524;2019;2;5;May;21;144;24;5;Friday
20190525;20190525;2019;2;5;May;21;145;25;6;Saturday
20190526;20190526;2019;2;5;May;21;146;26;7;Sunday
20190527;20190527;2019;2;5;May;22;147;27;1;Monday
20190528;20190528;2019;2;5;May;22;148;28;2;Tuesday
20190529;20190529;2019;2;5;May;22;149;29;3;Wednesday
20190530;20190530;2019;2;5;May;22;150;30;4;Thursday
20190531;20190531;2019;2;5;May;22;151;31;5;Friday
20190601;20190601;2019;2;6;June;22;152;1;6;Saturday
20190602;20190602;2019;2;6;June;22;153;2;7;Sunday
20190924;20190924;2019;3;9;September;39;267;24;2;Tuesday
20190925;20190925;2019;3;9;September;39;268;25;3;Wednesday
20190926;20190926;2019;3;9;September;39;269;26;4;Thursday
20190927;20190927;2019;3;9;September;39;270;27;5;Friday
20200606;20200606;2020;2;6;June;23;158;6;6;Saturday
20200607;20200607;2020;2;6;June;23;159;7;7;Sunday
20200608;20200608;2020;2;6;June;24;160;8;1;Monday
20200609;20200609;2020;2;6;June;24;161;9;2;Tuesday
20200610;20200610;2020;2;6;June;24;162;10;3;Wednesday
20200611;20200611;2020;2;6;June;24;163;11;4;Thursday
20200612;20200612;2020;2;6;June;24;164;12;5;Friday
20200613;20200613;2020;2;6;June;24;165;13;6;Saturday
20200614;20200614;2020;2;6;June;24;166;14;7;Sunday
20180604;20180604;2018;2;6;June;23;155;4;1;Monday
20180605;20180605;2018;2;6;June;23;156;5;2;Tuesday
20180606;20180606;2018;2;6;June;23;157;6;3;Wednesday
20180607;20180607;2018;2;6;June;23;158;7;4;Thursday
20180608;20180608;2018;2;6;June;23;159;8;5;Friday
20180609;20180609;2018;2;6;June;23;160;9;6;Saturday
20180610;20180610;2018;2;6;June;23;161;10;7;Sunday
20180611;20180611;2018;2;6;June;24;162;11;1;Monday
20180612;20180612;2018;2;6;June;24;163;12;2;Tuesday
20180613;20180613;2018;2;6;June;24;164;13;3;Wednesday
20190603;20190603;2019;2;6;June;23;154;3;1;Monday
20190604;20190604;2019;2;6;June;23;155;4;2;Tuesday
20190605;20190605;2019;2;6;June;23;156;5;3;Wednesday
20190606;20190606;2019;2;6;June;23;157;6;4;Thursday
20190607;20190607;2019;2;6;June;23;158;7;5;Friday
20190608;20190608;2019;2;6;June;23;159;8;6;Saturday
20190609;20190609;2019;2;6;June;23;160;9;7;Sunday
20190610;20190610;2019;2;6;June;24;161;10;1;Monday
20190611;20190611;2019;2;6;June;24;162;11;2;Tuesday
20190612;20190612;2019;2;6;June;24;163;12;3;Wednesday
20190613;20190613;2019;2;6;June;24;164;13;4;Thursday
20190614;20190614;2019;2;6;June;24;165;14;5;Friday
20190615;20190615;2019;2;6;June;24;166;15;6;Saturday
20190616;20190616;2019;2;6;June;24;167;16;7;Sunday
20190617;20190617;2019;2;6;June;25;168;17;1;Monday
20190618;20190618;2019;2;6;June;25;169;18;2;Tuesday
20190619;20190619;2019;2;6;June;25;170;19;3;Wednesday
20190928;20190928;2019;3;9;September;39;271;28;6;Saturday
20190929;20190929;2019;3;9;September;39;272;29;7;Sunday
20190930;20190930;2019;3;9;September;40;273;30;1;Monday
20191001;20191001;2019;4;10;October;40;274;1;2;Tuesday
20200615;20200615;2020;2;6;June;25;167;15;1;Monday
20200616;20200616;2020;2;6;June;25;168;16;2;Tuesday
20200617;20200617;2020;2;6;June;25;169;17;3;Wednesday
20200618;20200618;2020;2;6;June;25;170;18;4;Thursday
20200619;20200619;2020;2;6;June;25;171;19;5;Friday
20200620;20200620;2020;2;6;June;25;172;20;6;Saturday
20200621;20200621;2020;2;6;June;25;173;21;7;Sunday
20180614;20180614;2018;2;6;June;24;165;14;4;Thursday
20180615;20180615;2018;2;6;June;24;166;15;5;Friday
20180616;20180616;2018;2;6;June;24;167;16;6;Saturday
20180617;20180617;2018;2;6;June;24;168;17;7;Sunday
20180618;20180618;2018;2;6;June;25;169;18;1;Monday
20180619;20180619;2018;2;6;June;25;170;19;2;Tuesday
20180620;20180620;2018;2;6;June;25;171;20;3;Wednesday
20180621;20180621;2018;2;6;June;25;172;21;4;Thursday
20180622;20180622;2018;2;6;June;25;173;22;5;Friday
20180623;20180623;2018;2;6;June;25;174;23;6;Saturday
20190620;20190620;2019;2;6;June;25;171;20;4;Thursday
20190621;20190621;2019;2;6;June;25;172;21;5;Friday
20190622;20190622;2019;2;6;June;25;173;22;6;Saturday
20190623;20190623;2019;2;6;June;25;174;23;7;Sunday
20190624;20190624;2019;2;6;June;26;175;24;1;Monday
20190625;20190625;2019;2;6;June;26;176;25;2;Tuesday
20190626;20190626;2019;2;6;June;26;177;26;3;Wednesday
20190627;20190627;2019;2;6;June;26;178;27;4;Thursday
20190628;20190628;2019;2;6;June;26;179;28;5;Friday
20190629;20190629;2019;2;6;June;26;180;29;6;Saturday
20190630;20190630;2019;2;6;June;26;181;30;7;Sunday
20190701;20190701;2019;3;7;July;27;182;1;1;Monday
20190702;20190702;2019;3;7;July;27;183;2;2;Tuesday
20190703;20190703;2019;3;7;July;27;184;3;3;Wednesday
20190704;20190704;2019;3;7;July;27;185;4;4;Thursday
20190705;20190705;2019;3;7;July;27;186;5;5;Friday
20190706;20190706;2019;3;7;July;27;187;6;6;Saturday
20191002;20191002;2019;4;10;October;40;275;2;3;Wednesday
20191003;20191003;2019;4;10;October;40;276;3;4;Thursday
20191004;20191004;2019;4;10;October;40;277;4;5;Friday
20191005;20191005;2019;4;10;October;40;278;5;6;Saturday
20191006;20191006;2019;4;10;October;40;279;6;7;Sunday
20191007;20191007;2019;4;10;October;41;280;7;1;Monday
20191008;20191008;2019;4;10;October;41;281;8;2;Tuesday
20191009;20191009;2019;4;10;October;41;282;9;3;Wednesday
20191010;20191010;2019;4;10;October;41;283;10;4;Thursday
20200622;20200622;2020;2;6;June;26;174;22;1;Monday
20200623;20200623;2020;2;6;June;26;175;23;2;Tuesday
20200624;20200624;2020;2;6;June;26;176;24;3;Wednesday
20200625;20200625;2020;2;6;June;26;177;25;4;Thursday
20200626;20200626;2020;2;6;June;26;178;26;5;Friday
20200627;20200627;2020;2;6;June;26;179;27;6;Saturday
20200628;20200628;2020;2;6;June;26;180;28;7;Sunday
20180624;20180624;2018;2;6;June;25;175;24;7;Sunday
20180625;20180625;2018;2;6;June;26;176;25;1;Monday
20180626;20180626;2018;2;6;June;26;177;26;2;Tuesday
20180627;20180627;2018;2;6;June;26;178;27;3;Wednesday
20180628;20180628;2018;2;6;June;26;179;28;4;Thursday
20180629;20180629;2018;2;6;June;26;180;29;5;Friday
20180630;20180630;2018;2;6;June;26;181;30;6;Saturday
20180701;20180701;2018;3;7;July;26;182;1;7;Sunday
20180702;20180702;2018;3;7;July;27;183;2;1;Monday
20180703;20180703;2018;3;7;July;27;184;3;2;Tuesday
20180704;20180704;2018;3;7;July;27;185;4;3;Wednesday
20190707;20190707;2019;3;7;July;27;188;7;7;Sunday
20190708;20190708;2019;3;7;July;28;189;8;1;Monday
20190709;20190709;2019;3;7;July;28;190;9;2;Tuesday
20190710;20190710;2019;3;7;July;28;191;10;3;Wednesday
20190711;20190711;2019;3;7;July;28;192;11;4;Thursday
20190712;20190712;2019;3;7;July;28;193;12;5;Friday
20190713;20190713;2019;3;7;July;28;194;13;6;Saturday
20190714;20190714;2019;3;7;July;28;195;14;7;Sunday
20190715;20190715;2019;3;7;July;29;196;15;1;Monday
20190716;20190716;2019;3;7;July;29;197;16;2;Tuesday
20190717;20190717;2019;3;7;July;29;198;17;3;Wednesday
20190718;20190718;2019;3;7;July;29;199;18;4;Thursday
20190719;20190719;2019;3;7;July;29;200;19;5;Friday
20191011;20191011;2019;4;10;October;41;284;11;5;Friday
20191012;20191012;2019;4;10;October;41;285;12;6;Saturday
20191013;20191013;2019;4;10;October;41;286;13;7;Sunday
20191014;20191014;2019;4;10;October;42;287;14;1;Monday
20191015;20191015;2019;4;10;October;42;288;15;2;Tuesday
20191016;20191016;2019;4;10;October;42;289;16;3;Wednesday
20191017;20191017;2019;4;10;October;42;290;17;4;Thursday
20191018;20191018;2019;4;10;October;42;291;18;5;Friday
20191019;20191019;2019;4;10;October;42;292;19;6;Saturday
20191020;20191020;2019;4;10;October;42;293;20;7;Sunday
20191021;20191021;2019;4;10;October;43;294;21;1;Monday
20191022;20191022;2019;4;10;October;43;295;22;2;Tuesday
20191023;20191023;2019;4;10;October;43;296;23;3;Wednesday
20191024;20191024;2019;4;10;October;43;297;24;4;Thursday
20191025;20191025;2019;4;10;October;43;298;25;5;Friday
20191026;20191026;2019;4;10;October;43;299;26;6;Saturday
20191027;20191027;2019;4;10;October;43;300;27;7;Sunday
20191028;20191028;2019;4;10;October;44;301;28;1;Monday
20191029;20191029;2019;4;10;October;44;302;29;2;Tuesday
20191030;20191030;2019;4;10;October;44;303;30;3;Wednesday
20191031;20191031;2019;4;10;October;44;304;31;4;Thursday
20191101;20191101;2019;4;11;November;44;305;1;5;Friday
20191102;20191102;2019;4;11;November;44;306;2;6;Saturday
20191103;20191103;2019;4;11;November;44;307;3;7;Sunday
20191104;20191104;2019;4;11;November;45;308;4;1;Monday
20191105;20191105;2019;4;11;November;45;309;5;2;Tuesday
20191106;20191106;2019;4;11;November;45;310;6;3;Wednesday
20171019;20171019;2017;4;10;October;42;292;19;4;Thursday
20171020;20171020;2017;4;10;October;42;293;20;5;Friday
20171021;20171021;2017;4;10;October;42;294;21;6;Saturday
20171022;20171022;2017;4;10;October;42;295;22;7;Sunday
20171023;20171023;2017;4;10;October;43;296;23;1;Monday
20171024;20171024;2017;4;10;October;43;297;24;2;Tuesday
20171025;20171025;2017;4;10;October;43;298;25;3;Wednesday
20171026;20171026;2017;4;10;October;43;299;26;4;Thursday
20171027;20171027;2017;4;10;October;43;300;27;5;Friday
20171028;20171028;2017;4;10;October;43;301;28;6;Saturday
20171029;20171029;2017;4;10;October;43;302;29;7;Sunday
20171030;20171030;2017;4;10;October;44;303;30;1;Monday
20171031;20171031;2017;4;10;October;44;304;31;2;Tuesday
20171101;20171101;2017;4;11;November;44;305;1;3;Wednesday
20171102;20171102;2017;4;11;November;44;306;2;4;Thursday
20171103;20171103;2017;4;11;November;44;307;3;5;Friday
20171104;20171104;2017;4;11;November;44;308;4;6;Saturday
20171105;20171105;2017;4;11;November;44;309;5;7;Sunday
20171106;20171106;2017;4;11;November;45;310;6;1;Monday
20171107;20171107;2017;4;11;November;45;311;7;2;Tuesday
20171108;20171108;2017;4;11;November;45;312;8;3;Wednesday
20171109;20171109;2017;4;11;November;45;313;9;4;Thursday
20171110;20171110;2017;4;11;November;45;314;10;5;Friday
20171111;20171111;2017;4;11;November;45;315;11;6;Saturday
20171112;20171112;2017;4;11;November;45;316;12;7;Sunday
20171113;20171113;2017;4;11;November;46;317;13;1;Monday
20171114;20171114;2017;4;11;November;46;318;14;2;Tuesday
20171115;20171115;2017;4;11;November;46;319;15;3;Wednesday
20180705;20180705;2018;3;7;July;27;186;5;4;Thursday
20180706;20180706;2018;3;7;July;27;187;6;5;Friday
20180707;20180707;2018;3;7;July;27;188;7;6;Saturday
20180708;20180708;2018;3;7;July;27;189;8;7;Sunday
20180709;20180709;2018;3;7;July;28;190;9;1;Monday
20180710;20180710;2018;3;7;July;28;191;10;2;Tuesday
20180711;20180711;2018;3;7;July;28;192;11;3;Wednesday
20180712;20180712;2018;3;7;July;28;193;12;4;Thursday
20180713;20180713;2018;3;7;July;28;194;13;5;Friday
20180714;20180714;2018;3;7;July;28;195;14;6;Saturday
20190720;20190720;2019;3;7;July;29;201;20;6;Saturday
20190721;20190721;2019;3;7;July;29;202;21;7;Sunday
20190722;20190722;2019;3;7;July;30;203;22;1;Monday
20190723;20190723;2019;3;7;July;30;204;23;2;Tuesday
20190724;20190724;2019;3;7;July;30;205;24;3;Wednesday
20190725;20190725;2019;3;7;July;30;206;25;4;Thursday
20190726;20190726;2019;3;7;July;30;207;26;5;Friday
20190727;20190727;2019;3;7;July;30;208;27;6;Saturday
20190728;20190728;2019;3;7;July;30;209;28;7;Sunday
20190729;20190729;2019;3;7;July;31;210;29;1;Monday
20190730;20190730;2019;3;7;July;31;211;30;2;Tuesday
20190731;20190731;2019;3;7;July;31;212;31;3;Wednesday
20190801;20190801;2019;3;8;August;31;213;1;4;Thursday
20191107;20191107;2019;4;11;November;45;311;7;4;Thursday
20191108;20191108;2019;4;11;November;45;312;8;5;Friday
20191109;20191109;2019;4;11;November;45;313;9;6;Saturday
20191110;20191110;2019;4;11;November;45;314;10;7;Sunday
20191111;20191111;2019;4;11;November;46;315;11;1;Monday
20191112;20191112;2019;4;11;November;46;316;12;2;Tuesday
20191113;20191113;2019;4;11;November;46;317;13;3;Wednesday
20191114;20191114;2019;4;11;November;46;318;14;4;Thursday
20191115;20191115;2019;4;11;November;46;319;15;5;Friday
20191116;20191116;2019;4;11;November;46;320;16;6;Saturday
20191117;20191117;2019;4;11;November;46;321;17;7;Sunday
20191118;20191118;2019;4;11;November;47;322;18;1;Monday
20191119;20191119;2019;4;11;November;47;323;19;2;Tuesday
20191120;20191120;2019;4;11;November;47;324;20;3;Wednesday
20191121;20191121;2019;4;11;November;47;325;21;4;Thursday
20191122;20191122;2019;4;11;November;47;326;22;5;Friday
20191123;20191123;2019;4;11;November;47;327;23;6;Saturday
20191124;20191124;2019;4;11;November;47;328;24;7;Sunday
20191125;20191125;2019;4;11;November;48;329;25;1;Monday
20191126;20191126;2019;4;11;November;48;330;26;2;Tuesday
20191127;20191127;2019;4;11;November;48;331;27;3;Wednesday
20191128;20191128;2019;4;11;November;48;332;28;4;Thursday
20191129;20191129;2019;4;11;November;48;333;29;5;Friday
20191130;20191130;2019;4;11;November;48;334;30;6;Saturday
20191201;20191201;2019;4;12;December;48;335;1;7;Sunday
20171116;20171116;2017;4;11;November;46;320;16;4;Thursday
20171117;20171117;2017;4;11;November;46;321;17;5;Friday
20171118;20171118;2017;4;11;November;46;322;18;6;Saturday
20171119;20171119;2017;4;11;November;46;323;19;7;Sunday
20171120;20171120;2017;4;11;November;47;324;20;1;Monday
20171121;20171121;2017;4;11;November;47;325;21;2;Tuesday
20171122;20171122;2017;4;11;November;47;326;22;3;Wednesday
20171123;20171123;2017;4;11;November;47;327;23;4;Thursday
20171124;20171124;2017;4;11;November;47;328;24;5;Friday
20171125;20171125;2017;4;11;November;47;329;25;6;Saturday
20171126;20171126;2017;4;11;November;47;330;26;7;Sunday
20171127;20171127;2017;4;11;November;48;331;27;1;Monday
20171128;20171128;2017;4;11;November;48;332;28;2;Tuesday
20171129;20171129;2017;4;11;November;48;333;29;3;Wednesday
20171130;20171130;2017;4;11;November;48;334;30;4;Thursday
20171201;20171201;2017;4;12;December;48;335;1;5;Friday
20171202;20171202;2017;4;12;December;48;336;2;6;Saturday
20171203;20171203;2017;4;12;December;48;337;3;7;Sunday
20171204;20171204;2017;4;12;December;49;338;4;1;Monday
20171205;20171205;2017;4;12;December;49;339;5;2;Tuesday
20171206;20171206;2017;4;12;December;49;340;6;3;Wednesday
20171207;20171207;2017;4;12;December;49;341;7;4;Thursday
20171208;20171208;2017;4;12;December;49;342;8;5;Friday
20171209;20171209;2017;4;12;December;49;343;9;6;Saturday
20171210;20171210;2017;4;12;December;49;344;10;7;Sunday
20171211;20171211;2017;4;12;December;50;345;11;1;Monday
20171212;20171212;2017;4;12;December;50;346;12;2;Tuesday
20171213;20171213;2017;4;12;December;50;347;13;3;Wednesday
20171214;20171214;2017;4;12;December;50;348;14;4;Thursday
20171215;20171215;2017;4;12;December;50;349;15;5;Friday
20180715;20180715;2018;3;7;July;28;196;15;7;Sunday
20180716;20180716;2018;3;7;July;29;197;16;1;Monday
20180717;20180717;2018;3;7;July;29;198;17;2;Tuesday
20180718;20180718;2018;3;7;July;29;199;18;3;Wednesday
20180719;20180719;2018;3;7;July;29;200;19;4;Thursday
20180720;20180720;2018;3;7;July;29;201;20;5;Friday
20180721;20180721;2018;3;7;July;29;202;21;6;Saturday
20180722;20180722;2018;3;7;July;29;203;22;7;Sunday
20180723;20180723;2018;3;7;July;30;204;23;1;Monday
20180724;20180724;2018;3;7;July;30;205;24;2;Tuesday
20180725;20180725;2018;3;7;July;30;206;25;3;Wednesday
20180726;20180726;2018;3;7;July;30;207;26;4;Thursday
20190802;20190802;2019;3;8;August;31;214;2;5;Friday
20190803;20190803;2019;3;8;August;31;215;3;6;Saturday
20190804;20190804;2019;3;8;August;31;216;4;7;Sunday
20190805;20190805;2019;3;8;August;32;217;5;1;Monday
20190806;20190806;2019;3;8;August;32;218;6;2;Tuesday
20190807;20190807;2019;3;8;August;32;219;7;3;Wednesday
20190808;20190808;2019;3;8;August;32;220;8;4;Thursday
20190809;20190809;2019;3;8;August;32;221;9;5;Friday
20191202;20191202;2019;4;12;December;49;336;2;1;Monday
20191203;20191203;2019;4;12;December;49;337;3;2;Tuesday
20191204;20191204;2019;4;12;December;49;338;4;3;Wednesday
20191205;20191205;2019;4;12;December;49;339;5;4;Thursday
20191206;20191206;2019;4;12;December;49;340;6;5;Friday
20191207;20191207;2019;4;12;December;49;341;7;6;Saturday
20191208;20191208;2019;4;12;December;49;342;8;7;Sunday
20191209;20191209;2019;4;12;December;50;343;9;1;Monday
20191210;20191210;2019;4;12;December;50;344;10;2;Tuesday
20191211;20191211;2019;4;12;December;50;345;11;3;Wednesday
20191212;20191212;2019;4;12;December;50;346;12;4;Thursday
20191213;20191213;2019;4;12;December;50;347;13;5;Friday
20191214;20191214;2019;4;12;December;50;348;14;6;Saturday
20191215;20191215;2019;4;12;December;50;349;15;7;Sunday
20191216;20191216;2019;4;12;December;51;350;16;1;Monday
20191217;20191217;2019;4;12;December;51;351;17;2;Tuesday
20191218;20191218;2019;4;12;December;51;352;18;3;Wednesday
20171216;20171216;2017;4;12;December;50;350;16;6;Saturday
20171217;20171217;2017;4;12;December;50;351;17;7;Sunday
20171218;20171218;2017;4;12;December;51;352;18;1;Monday
20171219;20171219;2017;4;12;December;51;353;19;2;Tuesday
20171220;20171220;2017;4;12;December;51;354;20;3;Wednesday
20171221;20171221;2017;4;12;December;51;355;21;4;Thursday
20171222;20171222;2017;4;12;December;51;356;22;5;Friday
20171223;20171223;2017;4;12;December;51;357;23;6;Saturday
20171224;20171224;2017;4;12;December;51;358;24;7;Sunday
20171225;20171225;2017;4;12;December;52;359;25;1;Monday
20171226;20171226;2017;4;12;December;52;360;26;2;Tuesday
20171227;20171227;2017;4;12;December;52;361;27;3;Wednesday
20171228;20171228;2017;4;12;December;52;362;28;4;Thursday
20171229;20171229;2017;4;12;December;52;363;29;5;Friday
20171230;20171230;2017;4;12;December;52;364;30;6;Saturday
20171231;20171231;2017;4;12;December;52;365;31;7;Sunday
20180101;20180101;2018;1;1;January;1;1;1;1;Monday
20180102;20180102;2018;1;1;January;1;2;2;2;Tuesday
20180103;20180103;2018;1;1;January;1;3;3;3;Wednesday
20180104;20180104;2018;1;1;January;1;4;4;4;Thursday
20180105;20180105;2018;1;1;January;1;5;5;5;Friday
20180106;20180106;2018;1;1;January;1;6;6;6;Saturday
20180107;20180107;2018;1;1;January;1;7;7;7;Sunday
20180108;20180108;2018;1;1;January;2;8;8;1;Monday
20180109;20180109;2018;1;1;January;2;9;9;2;Tuesday
20180110;20180110;2018;1;1;January;2;10;10;3;Wednesday
20180727;20180727;2018;3;7;July;30;208;27;5;Friday
20180728;20180728;2018;3;7;July;30;209;28;6;Saturday
20180729;20180729;2018;3;7;July;30;210;29;7;Sunday
20180730;20180730;2018;3;7;July;31;211;30;1;Monday
20180731;20180731;2018;3;7;July;31;212;31;2;Tuesday
20180801;20180801;2018;3;8;August;31;213;1;3;Wednesday
20180802;20180802;2018;3;8;August;31;214;2;4;Thursday
20180803;20180803;2018;3;8;August;31;215;3;5;Friday
20180804;20180804;2018;3;8;August;31;216;4;6;Saturday
20180805;20180805;2018;3;8;August;31;217;5;7;Sunday
20180806;20180806;2018;3;8;August;32;218;6;1;Monday
20180807;20180807;2018;3;8;August;32;219;7;2;Tuesday
20180808;20180808;2018;3;8;August;32;220;8;3;Wednesday
20180809;20180809;2018;3;8;August;32;221;9;4;Thursday
20180810;20180810;2018;3;8;August;32;222;10;5;Friday
20180811;20180811;2018;3;8;August;32;223;11;6;Saturday
20180812;20180812;2018;3;8;August;32;224;12;7;Sunday
20180813;20180813;2018;3;8;August;33;225;13;1;Monday
20180814;20180814;2018;3;8;August;33;226;14;2;Tuesday
20180815;20180815;2018;3;8;August;33;227;15;3;Wednesday
20180816;20180816;2018;3;8;August;33;228;16;4;Thursday
20180817;20180817;2018;3;8;August;33;229;17;5;Friday
20180818;20180818;2018;3;8;August;33;230;18;6;Saturday
20180819;20180819;2018;3;8;August;33;231;19;7;Sunday
20180820;20180820;2018;3;8;August;34;232;20;1;Monday
20180821;20180821;2018;3;8;August;34;233;21;2;Tuesday
20190810;20190810;2019;3;8;August;32;222;10;6;Saturday
20190811;20190811;2019;3;8;August;32;223;11;7;Sunday
20190812;20190812;2019;3;8;August;33;224;12;1;Monday
20190813;20190813;2019;3;8;August;33;225;13;2;Tuesday
20190814;20190814;2019;3;8;August;33;226;14;3;Wednesday
20191219;20191219;2019;4;12;December;51;353;19;4;Thursday
20191220;20191220;2019;4;12;December;51;354;20;5;Friday
20191221;20191221;2019;4;12;December;51;355;21;6;Saturday
20191222;20191222;2019;4;12;December;51;356;22;7;Sunday
20191223;20191223;2019;4;12;December;52;357;23;1;Monday
20191224;20191224;2019;4;12;December;52;358;24;2;Tuesday
20191225;20191225;2019;4;12;December;52;359;25;3;Wednesday
20191226;20191226;2019;4;12;December;52;360;26;4;Thursday
20191227;20191227;2019;4;12;December;52;361;27;5;Friday
20191228;20191228;2019;4;12;December;52;362;28;6;Saturday
20191229;20191229;2019;4;12;December;52;363;29;7;Sunday
20191230;20191230;2019;4;12;December;1;364;30;1;Monday
20191231;20191231;2019;4;12;December;1;365;31;2;Tuesday
20200101;20200101;2020;1;1;January;1;1;1;3;Wednesday
20200102;20200102;2020;1;1;January;1;2;2;4;Thursday
20200103;20200103;2020;1;1;January;1;3;3;5;Friday
20200104;20200104;2020;1;1;January;1;4;4;6;Saturday
20200105;20200105;2020;1;1;January;1;5;5;7;Sunday
20200106;20200106;2020;1;1;January;2;6;6;1;Monday
20200107;20200107;2020;1;1;January;2;7;7;2;Tuesday
20200108;20200108;2020;1;1;January;2;8;8;3;Wednesday
20200109;20200109;2020;1;1;January;2;9;9;4;Thursday
20200110;20200110;2020;1;1;January;2;10;10;5;Friday
20200111;20200111;2020;1;1;January;2;11;11;6;Saturday
20180111;20180111;2018;1;1;January;2;11;11;4;Thursday
20180112;20180112;2018;1;1;January;2;12;12;5;Friday
20180113;20180113;2018;1;1;January;2;13;13;6;Saturday
20180114;20180114;2018;1;1;January;2;14;14;7;Sunday
20180115;20180115;2018;1;1;January;3;15;15;1;Monday
20180116;20180116;2018;1;1;January;3;16;16;2;Tuesday
20180117;20180117;2018;1;1;January;3;17;17;3;Wednesday
20180118;20180118;2018;1;1;January;3;18;18;4;Thursday
20180119;20180119;2018;1;1;January;3;19;19;5;Friday
20180120;20180120;2018;1;1;January;3;20;20;6;Saturday
20180121;20180121;2018;1;1;January;3;21;21;7;Sunday
20180122;20180122;2018;1;1;January;4;22;22;1;Monday
20180123;20180123;2018;1;1;January;4;23;23;2;Tuesday
20180124;20180124;2018;1;1;January;4;24;24;3;Wednesday
20180125;20180125;2018;1;1;January;4;25;25;4;Thursday
20180126;20180126;2018;1;1;January;4;26;26;5;Friday
20180127;20180127;2018;1;1;January;4;27;27;6;Saturday
20180128;20180128;2018;1;1;January;4;28;28;7;Sunday
20180129;20180129;2018;1;1;January;5;29;29;1;Monday
20180130;20180130;2018;1;1;January;5;30;30;2;Tuesday
20180131;20180131;2018;1;1;January;5;31;31;3;Wednesday
20180822;20180822;2018;3;8;August;34;234;22;3;Wednesday
20180823;20180823;2018;3;8;August;34;235;23;4;Thursday
20180824;20180824;2018;3;8;August;34;236;24;5;Friday
20180825;20180825;2018;3;8;August;34;237;25;6;Saturday
20180826;20180826;2018;3;8;August;34;238;26;7;Sunday
20180827;20180827;2018;3;8;August;35;239;27;1;Monday
20180828;20180828;2018;3;8;August;35;240;28;2;Tuesday
20180829;20180829;2018;3;8;August;35;241;29;3;Wednesday
20180830;20180830;2018;3;8;August;35;242;30;4;Thursday
20180831;20180831;2018;3;8;August;35;243;31;5;Friday
20180901;20180901;2018;3;9;September;35;244;1;6;Saturday
20180902;20180902;2018;3;9;September;35;245;2;7;Sunday
20180903;20180903;2018;3;9;September;36;246;3;1;Monday
20180904;20180904;2018;3;9;September;36;247;4;2;Tuesday
20180905;20180905;2018;3;9;September;36;248;5;3;Wednesday
20180906;20180906;2018;3;9;September;36;249;6;4;Thursday
20180907;20180907;2018;3;9;September;36;250;7;5;Friday
20180908;20180908;2018;3;9;September;36;251;8;6;Saturday
20180909;20180909;2018;3;9;September;36;252;9;7;Sunday
20180910;20180910;2018;3;9;September;37;253;10;1;Monday
20180911;20180911;2018;3;9;September;37;254;11;2;Tuesday
20180912;20180912;2018;3;9;September;37;255;12;3;Wednesday
20180913;20180913;2018;3;9;September;37;256;13;4;Thursday
20180914;20180914;2018;3;9;September;37;257;14;5;Friday
20180915;20180915;2018;3;9;September;37;258;15;6;Saturday
20180916;20180916;2018;3;9;September;37;259;16;7;Sunday
20180917;20180917;2018;3;9;September;38;260;17;1;Monday
20180918;20180918;2018;3;9;September;38;261;18;2;Tuesday
20180919;20180919;2018;3;9;September;38;262;19;3;Wednesday
20180920;20180920;2018;3;9;September;38;263;20;4;Thursday
20180921;20180921;2018;3;9;September;38;264;21;5;Friday
20180922;20180922;2018;3;9;September;38;265;22;6;Saturday
20180923;20180923;2018;3;9;September;38;266;23;7;Sunday
20180924;20180924;2018;3;9;September;39;267;24;1;Monday
20180925;20180925;2018;3;9;September;39;268;25;2;Tuesday
20180926;20180926;2018;3;9;September;39;269;26;3;Wednesday
20180927;20180927;2018;3;9;September;39;270;27;4;Thursday
20180928;20180928;2018;3;9;September;39;271;28;5;Friday
20180929;20180929;2018;3;9;September;39;272;29;6;Saturday
20180930;20180930;2018;3;9;September;39;273;30;7;Sunday
20181001;20181001;2018;4;10;October;40;274;1;1;Monday
20181002;20181002;2018;4;10;October;40;275;2;2;Tuesday
20181003;20181003;2018;4;10;October;40;276;3;3;Wednesday
20181004;20181004;2018;4;10;October;40;277;4;4;Thursday
20181005;20181005;2018;4;10;October;40;278;5;5;Friday
20181006;20181006;2018;4;10;October;40;279;6;6;Saturday
20181007;20181007;2018;4;10;October;40;280;7;7;Sunday
20181008;20181008;2018;4;10;October;41;281;8;1;Monday
20181009;20181009;2018;4;10;October;41;282;9;2;Tuesday
20181010;20181010;2018;4;10;October;41;283;10;3;Wednesday
20181011;20181011;2018;4;10;October;41;284;11;4;Thursday
20181012;20181012;2018;4;10;October;41;285;12;5;Friday
20181013;20181013;2018;4;10;October;41;286;13;6;Saturday
20181014;20181014;2018;4;10;October;41;287;14;7;Sunday
20181015;20181015;2018;4;10;October;42;288;15;1;Monday
20181016;20181016;2018;4;10;October;42;289;16;2;Tuesday
20181017;20181017;2018;4;10;October;42;290;17;3;Wednesday
20181018;20181018;2018;4;10;October;42;291;18;4;Thursday
20181019;20181019;2018;4;10;October;42;292;19;5;Friday
20181020;20181020;2018;4;10;October;42;293;20;6;Saturday
20181021;20181021;2018;4;10;October;42;294;21;7;Sunday
20181022;20181022;2018;4;10;October;43;295;22;1;Monday
20181023;20181023;2018;4;10;October;43;296;23;2;Tuesday
20181024;20181024;2018;4;10;October;43;297;24;3;Wednesday
20181025;20181025;2018;4;10;October;43;298;25;4;Thursday
20181026;20181026;2018;4;10;October;43;299;26;5;Friday
20181027;20181027;2018;4;10;October;43;300;27;6;Saturday
20181028;20181028;2018;4;10;October;43;301;28;7;Sunday
20181029;20181029;2018;4;10;October;44;302;29;1;Monday
20181030;20181030;2018;4;10;October;44;303;30;2;Tuesday
20181031;20181031;2018;4;10;October;44;304;31;3;Wednesday
20181101;20181101;2018;4;11;November;44;305;1;4;Thursday
20181102;20181102;2018;4;11;November;44;306;2;5;Friday
20181103;20181103;2018;4;11;November;44;307;3;6;Saturday
20181104;20181104;2018;4;11;November;44;308;4;7;Sunday
20181105;20181105;2018;4;11;November;45;309;5;1;Monday
20181106;20181106;2018;4;11;November;45;310;6;2;Tuesday
20181107;20181107;2018;4;11;November;45;311;7;3;Wednesday
20181108;20181108;2018;4;11;November;45;312;8;4;Thursday
20181109;20181109;2018;4;11;November;45;313;9;5;Friday
20181110;20181110;2018;4;11;November;45;314;10;6;Saturday
20181111;20181111;2018;4;11;November;45;315;11;7;Sunday
20181112;20181112;2018;4;11;November;46;316;12;1;Monday
20181113;20181113;2018;4;11;November;46;317;13;2;Tuesday
20181114;20181114;2018;4;11;November;46;318;14;3;Wednesday
20181115;20181115;2018;4;11;November;46;319;15;4;Thursday
20181116;20181116;2018;4;11;November;46;320;16;5;Friday
20181117;20181117;2018;4;11;November;46;321;17;6;Saturday
20181118;20181118;2018;4;11;November;46;322;18;7;Sunday
20181119;20181119;2018;4;11;November;47;323;19;1;Monday
20181120;20181120;2018;4;11;November;47;324;20;2;Tuesday
20181121;20181121;2018;4;11;November;47;325;21;3;Wednesday
20181122;20181122;2018;4;11;November;47;326;22;4;Thursday
20181123;20181123;2018;4;11;November;47;327;23;5;Friday
20181124;20181124;2018;4;11;November;47;328;24;6;Saturday
20181125;20181125;2018;4;11;November;47;329;25;7;Sunday
20181126;20181126;2018;4;11;November;48;330;26;1;Monday
20181127;20181127;2018;4;11;November;48;331;27;2;Tuesday
20181128;20181128;2018;4;11;November;48;332;28;3;Wednesday
20181129;20181129;2018;4;11;November;48;333;29;4;Thursday
20181130;20181130;2018;4;11;November;48;334;30;5;Friday
20181201;20181201;2018;4;12;December;48;335;1;6;Saturday
20181202;20181202;2018;4;12;December;48;336;2;7;Sunday
20181203;20181203;2018;4;12;December;49;337;3;1;Monday
20181204;20181204;2018;4;12;December;49;338;4;2;Tuesday
20181205;20181205;2018;4;12;December;49;339;5;3;Wednesday
20181206;20181206;2018;4;12;December;49;340;6;4;Thursday
20181207;20181207;2018;4;12;December;49;341;7;5;Friday
20181208;20181208;2018;4;12;December;49;342;8;6;Saturday
20181209;20181209;2018;4;12;December;49;343;9;7;Sunday
20181210;20181210;2018;4;12;December;50;344;10;1;Monday
20181211;20181211;2018;4;12;December;50;345;11;2;Tuesday
20181212;20181212;2018;4;12;December;50;346;12;3;Wednesday
20181213;20181213;2018;4;12;December;50;347;13;4;Thursday
20181214;20181214;2018;4;12;December;50;348;14;5;Friday
20181215;20181215;2018;4;12;December;50;349;15;6;Saturday
20181216;20181216;2018;4;12;December;50;350;16;7;Sunday
20181217;20181217;2018;4;12;December;51;351;17;1;Monday
20181218;20181218;2018;4;12;December;51;352;18;2;Tuesday
20181219;20181219;2018;4;12;December;51;353;19;3;Wednesday
20181220;20181220;2018;4;12;December;51;354;20;4;Thursday
20181221;20181221;2018;4;12;December;51;355;21;5;Friday
20181222;20181222;2018;4;12;December;51;356;22;6;Saturday
20190815;20190815;2019;3;8;August;33;227;15;4;Thursday
20190816;20190816;2019;3;8;August;33;228;16;5;Friday
20190817;20190817;2019;3;8;August;33;229;17;6;Saturday
20190818;20190818;2019;3;8;August;33;230;18;7;Sunday
20190819;20190819;2019;3;8;August;34;231;19;1;Monday
20200112;20200112;2020;1;1;January;2;12;12;7;Sunday
20200113;20200113;2020;1;1;January;3;13;13;1;Monday
20200114;20200114;2020;1;1;January;3;14;14;2;Tuesday
20200115;20200115;2020;1;1;January;3;15;15;3;Wednesday
20200116;20200116;2020;1;1;January;3;16;16;4;Thursday
20200117;20200117;2020;1;1;January;3;17;17;5;Friday
20200118;20200118;2020;1;1;January;3;18;18;6;Saturday
20200119;20200119;2020;1;1;January;3;19;19;7;Sunday
20200120;20200120;2020;1;1;January;4;20;20;1;Monday
20200121;20200121;2020;1;1;January;4;21;21;2;Tuesday
20200122;20200122;2020;1;1;January;4;22;22;3;Wednesday
20200123;20200123;2020;1;1;January;4;23;23;4;Thursday
20200124;20200124;2020;1;1;January;4;24;24;5;Friday
20200125;20200125;2020;1;1;January;4;25;25;6;Saturday
20200126;20200126;2020;1;1;January;4;26;26;7;Sunday
20200127;20200127;2020;1;1;January;5;27;27;1;Monday
20200128;20200128;2020;1;1;January;5;28;28;2;Tuesday
20200129;20200129;2020;1;1;January;5;29;29;3;Wednesday
20200130;20200130;2020;1;1;January;5;30;30;4;Thursday
20200131;20200131;2020;1;1;January;5;31;31;5;Friday
20200201;20200201;2020;1;2;February;5;32;1;6;Saturday
20200202;20200202;2020;1;2;February;5;33;2;7;Sunday
20200203;20200203;2020;1;2;February;6;34;3;1;Monday
20200204;20200204;2020;1;2;February;6;35;4;2;Tuesday
20200205;20200205;2020;1;2;February;6;36;5;3;Wednesday
20200206;20200206;2020;1;2;February;6;37;6;4;Thursday
20200207;20200207;2020;1;2;February;6;38;7;5;Friday
20200208;20200208;2020;1;2;February;6;39;8;6;Saturday
20200209;20200209;2020;1;2;February;6;40;9;7;Sunday
20200210;20200210;2020;1;2;February;7;41;10;1;Monday
20200211;20200211;2020;1;2;February;7;42;11;2;Tuesday
20200212;20200212;2020;1;2;February;7;43;12;3;Wednesday
20200213;20200213;2020;1;2;February;7;44;13;4;Thursday
20200214;20200214;2020;1;2;February;7;45;14;5;Friday
20200215;20200215;2020;1;2;February;7;46;15;6;Saturday
20200216;20200216;2020;1;2;February;7;47;16;7;Sunday
20200217;20200217;2020;1;2;February;8;48;17;1;Monday
20200218;20200218;2020;1;2;February;8;49;18;2;Tuesday
20200219;20200219;2020;1;2;February;8;50;19;3;Wednesday
20180201;20180201;2018;1;2;February;5;32;1;4;Thursday
20180202;20180202;2018;1;2;February;5;33;2;5;Friday
20180203;20180203;2018;1;2;February;5;34;3;6;Saturday
20180204;20180204;2018;1;2;February;5;35;4;7;Sunday
20180205;20180205;2018;1;2;February;6;36;5;1;Monday
20180206;20180206;2018;1;2;February;6;37;6;2;Tuesday
20180207;20180207;2018;1;2;February;6;38;7;3;Wednesday
20180208;20180208;2018;1;2;February;6;39;8;4;Thursday
20180209;20180209;2018;1;2;February;6;40;9;5;Friday
20180210;20180210;2018;1;2;February;6;41;10;6;Saturday
20180211;20180211;2018;1;2;February;6;42;11;7;Sunday
20180212;20180212;2018;1;2;February;7;43;12;1;Monday
20180213;20180213;2018;1;2;February;7;44;13;2;Tuesday
20180214;20180214;2018;1;2;February;7;45;14;3;Wednesday
20180215;20180215;2018;1;2;February;7;46;15;4;Thursday
20180216;20180216;2018;1;2;February;7;47;16;5;Friday
20180217;20180217;2018;1;2;February;7;48;17;6;Saturday
20180218;20180218;2018;1;2;February;7;49;18;7;Sunday
20180219;20180219;2018;1;2;February;8;50;19;1;Monday
20181223;20181223;2018;4;12;December;51;357;23;7;Sunday
20181224;20181224;2018;4;12;December;52;358;24;1;Monday
20181225;20181225;2018;4;12;December;52;359;25;2;Tuesday
20181226;20181226;2018;4;12;December;52;360;26;3;Wednesday
20181227;20181227;2018;4;12;December;52;361;27;4;Thursday
20181228;20181228;2018;4;12;December;52;362;28;5;Friday
20181229;20181229;2018;4;12;December;52;363;29;6;Saturday
20181230;20181230;2018;4;12;December;52;364;30;7;Sunday
20181231;20181231;2018;4;12;December;1;365;31;1;Monday
20190101;20190101;2019;1;1;January;1;1;1;2;Tuesday
20190102;20190102;2019;1;1;January;1;2;2;3;Wednesday
20190103;20190103;2019;1;1;January;1;3;3;4;Thursday
20190104;20190104;2019;1;1;January;1;4;4;5;Friday
20190105;20190105;2019;1;1;January;1;5;5;6;Saturday
20190106;20190106;2019;1;1;January;1;6;6;7;Sunday
20190107;20190107;2019;1;1;January;2;7;7;1;Monday
20190108;20190108;2019;1;1;January;2;8;8;2;Tuesday
20190109;20190109;2019;1;1;January;2;9;9;3;Wednesday
20190110;20190110;2019;1;1;January;2;10;10;4;Thursday
20190111;20190111;2019;1;1;January;2;11;11;5;Friday
20190112;20190112;2019;1;1;January;2;12;12;6;Saturday
20190113;20190113;2019;1;1;January;2;13;13;7;Sunday
20190114;20190114;2019;1;1;January;3;14;14;1;Monday
20190115;20190115;2019;1;1;January;3;15;15;2;Tuesday
20190116;20190116;2019;1;1;January;3;16;16;3;Wednesday
20190117;20190117;2019;1;1;January;3;17;17;4;Thursday
20190118;20190118;2019;1;1;January;3;18;18;5;Friday
20190119;20190119;2019;1;1;January;3;19;19;6;Saturday
20190120;20190120;2019;1;1;January;3;20;20;7;Sunday
20190121;20190121;2019;1;1;January;4;21;21;1;Monday
20190122;20190122;2019;1;1;January;4;22;22;2;Tuesday
20190123;20190123;2019;1;1;January;4;23;23;3;Wednesday
20190124;20190124;2019;1;1;January;4;24;24;4;Thursday
20190820;20190820;2019;3;8;August;34;232;20;2;Tuesday
20190821;20190821;2019;3;8;August;34;233;21;3;Wednesday
20190822;20190822;2019;3;8;August;34;234;22;4;Thursday
20190823;20190823;2019;3;8;August;34;235;23;5;Friday
20200220;20200220;2020;1;2;February;8;51;20;4;Thursday
20200221;20200221;2020;1;2;February;8;52;21;5;Friday
20200222;20200222;2020;1;2;February;8;53;22;6;Saturday
20200223;20200223;2020;1;2;February;8;54;23;7;Sunday
20200224;20200224;2020;1;2;February;9;55;24;1;Monday
20200225;20200225;2020;1;2;February;9;56;25;2;Tuesday
20200226;20200226;2020;1;2;February;9;57;26;3;Wednesday
20200227;20200227;2020;1;2;February;9;58;27;4;Thursday
20200228;20200228;2020;1;2;February;9;59;28;5;Friday
20200229;20200229;2020;1;2;February;9;60;29;6;Saturday
20200301;20200301;2020;1;3;March;9;61;1;7;Sunday
20200302;20200302;2020;1;3;March;10;62;2;1;Monday
20200303;20200303;2020;1;3;March;10;63;3;2;Tuesday
20200304;20200304;2020;1;3;March;10;64;4;3;Wednesday
20200305;20200305;2020;1;3;March;10;65;5;4;Thursday
20200306;20200306;2020;1;3;March;10;66;6;5;Friday
20200307;20200307;2020;1;3;March;10;67;7;6;Saturday
20200308;20200308;2020;1;3;March;10;68;8;7;Sunday
20200309;20200309;2020;1;3;March;11;69;9;1;Monday
20200310;20200310;2020;1;3;March;11;70;10;2;Tuesday
20200311;20200311;2020;1;3;March;11;71;11;3;Wednesday
20200312;20200312;2020;1;3;March;11;72;12;4;Thursday
20200313;20200313;2020;1;3;March;11;73;13;5;Friday
20200314;20200314;2020;1;3;March;11;74;14;6;Saturday
20200315;20200315;2020;1;3;March;11;75;15;7;Sunday
20200316;20200316;2020;1;3;March;12;76;16;1;Monday
20200317;20200317;2020;1;3;March;12;77;17;2;Tuesday
20200318;20200318;2020;1;3;March;12;78;18;3;Wednesday
20200319;20200319;2020;1;3;March;12;79;19;4;Thursday
20200320;20200320;2020;1;3;March;12;80;20;5;Friday
20200321;20200321;2020;1;3;March;12;81;21;6;Saturday
20200322;20200322;2020;1;3;March;12;82;22;7;Sunday
20200323;20200323;2020;1;3;March;13;83;23;1;Monday
20200324;20200324;2020;1;3;March;13;84;24;2;Tuesday
20200325;20200325;2020;1;3;March;13;85;25;3;Wednesday
20200326;20200326;2020;1;3;March;13;86;26;4;Thursday
20200327;20200327;2020;1;3;March;13;87;27;5;Friday
20200328;20200328;2020;1;3;March;13;88;28;6;Saturday
20200329;20200329;2020;1;3;March;13;89;29;7;Sunday
20200330;20200330;2020;1;3;March;14;90;30;1;Monday
20200331;20200331;2020;1;3;March;14;91;31;2;Tuesday
20200401;20200401;2020;2;4;April;14;92;1;3;Wednesday
20180220;20180220;2018;1;2;February;8;51;20;2;Tuesday
20180221;20180221;2018;1;2;February;8;52;21;3;Wednesday
20180222;20180222;2018;1;2;February;8;53;22;4;Thursday
20180223;20180223;2018;1;2;February;8;54;23;5;Friday
20180224;20180224;2018;1;2;February;8;55;24;6;Saturday
20180225;20180225;2018;1;2;February;8;56;25;7;Sunday
20180226;20180226;2018;1;2;February;9;57;26;1;Monday
20180227;20180227;2018;1;2;February;9;58;27;2;Tuesday
20180228;20180228;2018;1;2;February;9;59;28;3;Wednesday
20180301;20180301;2018;1;3;March;9;60;1;4;Thursday
20180302;20180302;2018;1;3;March;9;61;2;5;Friday
20180303;20180303;2018;1;3;March;9;62;3;6;Saturday
20180304;20180304;2018;1;3;March;9;63;4;7;Sunday
20180305;20180305;2018;1;3;March;10;64;5;1;Monday
20180306;20180306;2018;1;3;March;10;65;6;2;Tuesday
20180307;20180307;2018;1;3;March;10;66;7;3;Wednesday
20180308;20180308;2018;1;3;March;10;67;8;4;Thursday
20180309;20180309;2018;1;3;March;10;68;9;5;Friday
20180310;20180310;2018;1;3;March;10;69;10;6;Saturday
20190125;20190125;2019;1;1;January;4;25;25;5;Friday
20190126;20190126;2019;1;1;January;4;26;26;6;Saturday
20190127;20190127;2019;1;1;January;4;27;27;7;Sunday
20190128;20190128;2019;1;1;January;5;28;28;1;Monday
20190129;20190129;2019;1;1;January;5;29;29;2;Tuesday
20190130;20190130;2019;1;1;January;5;30;30;3;Wednesday
20190131;20190131;2019;1;1;January;5;31;31;4;Thursday
20190201;20190201;2019;1;2;February;5;32;1;5;Friday
20190202;20190202;2019;1;2;February;5;33;2;6;Saturday
20190203;20190203;2019;1;2;February;5;34;3;7;Sunday
20190204;20190204;2019;1;2;February;6;35;4;1;Monday
20190205;20190205;2019;1;2;February;6;36;5;2;Tuesday
20190206;20190206;2019;1;2;February;6;37;6;3;Wednesday
20190207;20190207;2019;1;2;February;6;38;7;4;Thursday
20190208;20190208;2019;1;2;February;6;39;8;5;Friday
20190209;20190209;2019;1;2;February;6;40;9;6;Saturday
20190210;20190210;2019;1;2;February;6;41;10;7;Sunday
20190211;20190211;2019;1;2;February;7;42;11;1;Monday
20190212;20190212;2019;1;2;February;7;43;12;2;Tuesday
20190824;20190824;2019;3;8;August;34;236;24;6;Saturday
20190825;20190825;2019;3;8;August;34;237;25;7;Sunday
20190826;20190826;2019;3;8;August;35;238;26;1;Monday
20190827;20190827;2019;3;8;August;35;239;27;2;Tuesday
20190828;20190828;2019;3;8;August;35;240;28;3;Wednesday
20200402;20200402;2020;2;4;April;14;93;2;4;Thursday
20200403;20200403;2020;2;4;April;14;94;3;5;Friday
20200404;20200404;2020;2;4;April;14;95;4;6;Saturday
20200405;20200405;2020;2;4;April;14;96;5;7;Sunday
20200406;20200406;2020;2;4;April;15;97;6;1;Monday
20200407;20200407;2020;2;4;April;15;98;7;2;Tuesday
20200408;20200408;2020;2;4;April;15;99;8;3;Wednesday
20200409;20200409;2020;2;4;April;15;100;9;4;Thursday
20200410;20200410;2020;2;4;April;15;101;10;5;Friday
20200411;20200411;2020;2;4;April;15;102;11;6;Saturday
20200412;20200412;2020;2;4;April;15;103;12;7;Sunday
20200413;20200413;2020;2;4;April;16;104;13;1;Monday
20200414;20200414;2020;2;4;April;16;105;14;2;Tuesday
20200415;20200415;2020;2;4;April;16;106;15;3;Wednesday
20180311;20180311;2018;1;3;March;10;70;11;7;Sunday
20180312;20180312;2018;1;3;March;11;71;12;1;Monday
20180313;20180313;2018;1;3;March;11;72;13;2;Tuesday
20180314;20180314;2018;1;3;March;11;73;14;3;Wednesday
20180315;20180315;2018;1;3;March;11;74;15;4;Thursday
20180316;20180316;2018;1;3;March;11;75;16;5;Friday
20180317;20180317;2018;1;3;March;11;76;17;6;Saturday
20180318;20180318;2018;1;3;March;11;77;18;7;Sunday
20180319;20180319;2018;1;3;March;12;78;19;1;Monday
20180320;20180320;2018;1;3;March;12;79;20;2;Tuesday
20180321;20180321;2018;1;3;March;12;80;21;3;Wednesday
20180322;20180322;2018;1;3;March;12;81;22;4;Thursday
20180323;20180323;2018;1;3;March;12;82;23;5;Friday
20180324;20180324;2018;1;3;March;12;83;24;6;Saturday
20180325;20180325;2018;1;3;March;12;84;25;7;Sunday
20180326;20180326;2018;1;3;March;13;85;26;1;Monday
20180327;20180327;2018;1;3;March;13;86;27;2;Tuesday
20180328;20180328;2018;1;3;March;13;87;28;3;Wednesday
20180329;20180329;2018;1;3;March;13;88;29;4;Thursday
20180330;20180330;2018;1;3;March;13;89;30;5;Friday
20180331;20180331;2018;1;3;March;13;90;31;6;Saturday
20180401;20180401;2018;2;4;April;13;91;1;7;Sunday
20180402;20180402;2018;2;4;April;14;92;2;1;Monday
20180403;20180403;2018;2;4;April;14;93;3;2;Tuesday
20190213;20190213;2019;1;2;February;7;44;13;3;Wednesday
20190214;20190214;2019;1;2;February;7;45;14;4;Thursday
20190215;20190215;2019;1;2;February;7;46;15;5;Friday
20190216;20190216;2019;1;2;February;7;47;16;6;Saturday
20190217;20190217;2019;1;2;February;7;48;17;7;Sunday
20190218;20190218;2019;1;2;February;8;49;18;1;Monday
20190219;20190219;2019;1;2;February;8;50;19;2;Tuesday
20190220;20190220;2019;1;2;February;8;51;20;3;Wednesday
20190221;20190221;2019;1;2;February;8;52;21;4;Thursday
20190222;20190222;2019;1;2;February;8;53;22;5;Friday
20190223;20190223;2019;1;2;February;8;54;23;6;Saturday
20190224;20190224;2019;1;2;February;8;55;24;7;Sunday
20190225;20190225;2019;1;2;February;9;56;25;1;Monday
20190226;20190226;2019;1;2;February;9;57;26;2;Tuesday
20190227;20190227;2019;1;2;February;9;58;27;3;Wednesday
20190228;20190228;2019;1;2;February;9;59;28;4;Thursday
20190301;20190301;2019;1;3;March;9;60;1;5;Friday
20190302;20190302;2019;1;3;March;9;61;2;6;Saturday
20190303;20190303;2019;1;3;March;9;62;3;7;Sunday
20190829;20190829;2019;3;8;August;35;241;29;4;Thursday
20190830;20190830;2019;3;8;August;35;242;30;5;Friday
20190831;20190831;2019;3;8;August;35;243;31;6;Saturday
20190901;20190901;2019;3;9;September;35;244;1;7;Sunday
20190902;20190902;2019;3;9;September;36;245;2;1;Monday
20200416;20200416;2020;2;4;April;16;107;16;4;Thursday
20200417;20200417;2020;2;4;April;16;108;17;5;Friday
20200418;20200418;2020;2;4;April;16;109;18;6;Saturday
20200419;20200419;2020;2;4;April;16;110;19;7;Sunday
20200420;20200420;2020;2;4;April;17;111;20;1;Monday
20200421;20200421;2020;2;4;April;17;112;21;2;Tuesday
20200422;20200422;2020;2;4;April;17;113;22;3;Wednesday
20200423;20200423;2020;2;4;April;17;114;23;4;Thursday
20200424;20200424;2020;2;4;April;17;115;24;5;Friday
20180404;20180404;2018;2;4;April;14;94;4;3;Wednesday
20180405;20180405;2018;2;4;April;14;95;5;4;Thursday
20180406;20180406;2018;2;4;April;14;96;6;5;Friday
20180407;20180407;2018;2;4;April;14;97;7;6;Saturday
20180408;20180408;2018;2;4;April;14;98;8;7;Sunday
20180409;20180409;2018;2;4;April;15;99;9;1;Monday
20180410;20180410;2018;2;4;April;15;100;10;2;Tuesday
20180411;20180411;2018;2;4;April;15;101;11;3;Wednesday
20180412;20180412;2018;2;4;April;15;102;12;4;Thursday
20180413;20180413;2018;2;4;April;15;103;13;5;Friday
20180414;20180414;2018;2;4;April;15;104;14;6;Saturday
20180415;20180415;2018;2;4;April;15;105;15;7;Sunday
20190304;20190304;2019;1;3;March;10;63;4;1;Monday
20190305;20190305;2019;1;3;March;10;64;5;2;Tuesday
20190306;20190306;2019;1;3;March;10;65;6;3;Wednesday
20190307;20190307;2019;1;3;March;10;66;7;4;Thursday
20190308;20190308;2019;1;3;March;10;67;8;5;Friday
20190309;20190309;2019;1;3;March;10;68;9;6;Saturday
20190310;20190310;2019;1;3;March;10;69;10;7;Sunday
20190311;20190311;2019;1;3;March;11;70;11;1;Monday
20190312;20190312;2019;1;3;March;11;71;12;2;Tuesday
20190313;20190313;2019;1;3;March;11;72;13;3;Wednesday
20190314;20190314;2019;1;3;March;11;73;14;4;Thursday
20190315;20190315;2019;1;3;March;11;74;15;5;Friday
20190316;20190316;2019;1;3;March;11;75;16;6;Saturday
20190317;20190317;2019;1;3;March;11;76;17;7;Sunday
20190318;20190318;2019;1;3;March;12;77;18;1;Monday
20190319;20190319;2019;1;3;March;12;78;19;2;Tuesday
20190320;20190320;2019;1;3;March;12;79;20;3;Wednesday
20190321;20190321;2019;1;3;March;12;80;21;4;Thursday
20190903;20190903;2019;3;9;September;36;246;3;2;Tuesday
20190904;20190904;2019;3;9;September;36;247;4;3;Wednesday
20190905;20190905;2019;3;9;September;36;248;5;4;Thursday
20190906;20190906;2019;3;9;September;36;249;6;5;Friday
20200425;20200425;2020;2;4;April;17;116;25;6;Saturday
20200426;20200426;2020;2;4;April;17;117;26;7;Sunday
20200427;20200427;2020;2;4;April;18;118;27;1;Monday
20200428;20200428;2020;2;4;April;18;119;28;2;Tuesday
20200429;20200429;2020;2;4;April;18;120;29;3;Wednesday
20200430;20200430;2020;2;4;April;18;121;30;4;Thursday
20200501;20200501;2020;2;5;May;18;122;1;5;Friday
20200502;20200502;2020;2;5;May;18;123;2;6;Saturday
20180416;20180416;2018;2;4;April;16;106;16;1;Monday
20180417;20180417;2018;2;4;April;16;107;17;2;Tuesday
20180418;20180418;2018;2;4;April;16;108;18;3;Wednesday
20180419;20180419;2018;2;4;April;16;109;19;4;Thursday
20180420;20180420;2018;2;4;April;16;110;20;5;Friday
20180421;20180421;2018;2;4;April;16;111;21;6;Saturday
20180422;20180422;2018;2;4;April;16;112;22;7;Sunday
20180423;20180423;2018;2;4;April;17;113;23;1;Monday
20180424;20180424;2018;2;4;April;17;114;24;2;Tuesday
20180425;20180425;2018;2;4;April;17;115;25;3;Wednesday
20190322;20190322;2019;1;3;March;12;81;22;5;Friday
20190323;20190323;2019;1;3;March;12;82;23;6;Saturday
20190324;20190324;2019;1;3;March;12;83;24;7;Sunday
20190325;20190325;2019;1;3;March;13;84;25;1;Monday
20190326;20190326;2019;1;3;March;13;85;26;2;Tuesday
20190327;20190327;2019;1;3;March;13;86;27;3;Wednesday
20190328;20190328;2019;1;3;March;13;87;28;4;Thursday
20190329;20190329;2019;1;3;March;13;88;29;5;Friday
20190330;20190330;2019;1;3;March;13;89;30;6;Saturday
20190331;20190331;2019;1;3;March;13;90;31;7;Sunday
20190401;20190401;2019;2;4;April;14;91;1;1;Monday
20190402;20190402;2019;2;4;April;14;92;2;2;Tuesday
20190403;20190403;2019;2;4;April;14;93;3;3;Wednesday
20190404;20190404;2019;2;4;April;14;94;4;4;Thursday
20190405;20190405;2019;2;4;April;14;95;5;5;Friday
20190406;20190406;2019;2;4;April;14;96;6;6;Saturday
20190407;20190407;2019;2;4;April;14;97;7;7;Sunday
20190408;20190408;2019;2;4;April;15;98;8;1;Monday
20190409;20190409;2019;2;4;April;15;99;9;2;Tuesday
20190907;20190907;2019;3;9;September;36;250;7;6;Saturday
20190908;20190908;2019;3;9;September;36;251;8;7;Sunday
20190909;20190909;2019;3;9;September;37;252;9;1;Monday
20200503;20200503;2020;2;5;May;18;124;3;7;Sunday
20200504;20200504;2020;2;5;May;19;125;4;1;Monday
20200505;20200505;2020;2;5;May;19;126;5;2;Tuesday
20200506;20200506;2020;2;5;May;19;127;6;3;Wednesday
20200507;20200507;2020;2;5;May;19;128;7;4;Thursday
20200508;20200508;2020;2;5;May;19;129;8;5;Friday
20200509;20200509;2020;2;5;May;19;130;9;6;Saturday
20180426;20180426;2018;2;4;April;17;116;26;4;Thursday
20180427;20180427;2018;2;4;April;17;117;27;5;Friday
20180428;20180428;2018;2;4;April;17;118;28;6;Saturday
20180429;20180429;2018;2;4;April;17;119;29;7;Sunday
20180430;20180430;2018;2;4;April;18;120;30;1;Monday
20180501;20180501;2018;2;5;May;18;121;1;2;Tuesday
20180502;20180502;2018;2;5;May;18;122;2;3;Wednesday
20180503;20180503;2018;2;5;May;18;123;3;4;Thursday
20180504;20180504;2018;2;5;May;18;124;4;5;Friday
